Project,Network,Street address,City,State / Province,Zip Code,Country,"Main Contact (email, IG, FB, website, linktree or other)","Donation Rules: What food does your fridge accept / not accept (i.e produce, frozen foods, raw meats, hygiene items, other items, etc.)?",Days/times fridge is open,"Accepts $$ donations? (include where: venmo, gofundme, etc.)","Location type (church, storefront, etc.)",Date Installed,Details (Describe your project),Image URL,"Other Contact or Links (IG, FB, website, linktree)",Do you have a local map? (Link to Map),News articles (link),Contact Name,Active?,LABEL
freedge,freedge,,Davis,,,US,freedge.org,,,,Network,,10,,,,,,,Network
Nevera Solidária,Nevera Solidária,,,,,Spain,http://neverasolidaria.org/en/solidarity-fridge-network/,,,,Network,,14,,,https://www.google.com/maps/d/u/0/viewer?mid=1TE4PwEgDrDZcgzQA-jMRP5lXyDE&ll=40.45498575795017%2C-3.174287999999933&z=6,,,,Network
FoodSharing,FoodSharing,,,,,Germany,https://foodsharing.de/,,,,Network,,500,,,https://foodsharing.de/,,,,Network
Hubbub,Hubbub,,,,,UK,https://www.hubbub.org.uk/the-community-fridge,,,,Network,,50,,,https://www.google.com/maps/d/u/0/viewer?mid=16XUitzm5yZSDdG8JI8cUfMu1Pak&ll=53.162752024194596%2C-1.0831669499999634&z=6,,,,Network
Bon App,Bon App,,Montreal,,,Canada,http://map.bonapp.ca/,,,,Network,,4,,,http://map.bonapp.ca/,https://novae.ca/en/2016/11/community-fridges-where-people-can-share-their-fruits-and-vegetables/,,,Network
Community Fridge Dubai,Community Fridge Dubai,,Dubai,,,UAE,http://communityfridge.org/search,,,,Network,,70,,,http://communityfridge.org/search,http://gulfnews.com/guides/life/ramadan/ramadan-community-fridges-are-back-1.2034182,,,Network
Les frigos solidaires,Les frigos solidaires,19 Rue Houdon,Paris,,75018,France,https://www.identites-mutuelle.com/lesfrigossolidaires,,,,Network,,24,,,https://www.identites-mutuelle.com/partenaires.html,,,,Network
Feed the need KSA,Feed the need KSA,,,,,Saudi Arabia,http://feedtheneedksa.com/,,,,Network,,19,,,https://www.google.com/maps/d/u/0/viewer?mid=1n5xcZ8QzB1AZM8bkvZKr5AEqDB4&ll=24.733143845549037%2C46.70298274999993&z=11,,,,Network
Bern isst Bern,Bern isst Bern,,Bern,,,Switzerland,https://foodsharing.de/,,,,Network,,8,,,,,,,Network
Partage ton Frigo,Partage ton Frigo,,,,,France,https://www.partagetonfrigo.fr/#ht-about-us-section,,,,Network,,25,,,"Unavailable - only cities (Angers, Paris, Toulouse, Nantes, Schaerbeel-Belgique)",,,,Network
Feeding India,Feeding India,,,,,India,https://www.feedingindia.org/happyfridge,,,,"Network
",,68,,,Unavailable,,,,Network
Feed the need Bahrain,Feed the need Bahrain,,,,,Bahrain,http://feedtheneedbahrain.com/,,,,"Network
",,19,,https://www.facebook.com/groups/feedtheneedbh/,http://feedtheneedbahrain.com/locations,,,,Network
Goodness Fridge,Goodness Fridge,,,,,Egypt,https://www.facebook.com/GoodnessFridge,,,,"Network
",,24,,,,,,,Network
Food Blessed,Food Blessed,,,,,Lebanon,https://foodblessed.org/,,,,"Network
",,11,,,,,,,Network
In Our Hearts NYC,In Our Hearts NYC,,New York,NY,,USA,@iohnyc,,,,"Network
",,80,,,,,,,Network
LA Community Fridge,LA Community Fridge,,Los Angeles,CA,,USA,@lacommunityfridge,,,,"Network
",,20,,,,,,,Network
Town Fridge,Town Fridge,,Oakland,CA,,USA,@townfridge,,,,"Network
",,6,,,,,,,Network
The Love Fridge Chicago,The Love Fridge Chicago,,Chicago,IL,,United States,@thelovefridgechicago,,,,"Network
",,20,,,https://www.google.com/maps/d/viewer?mid=1PQu2p4tpHvWMwHpSPODR9Iuhj1Hokt2Z&ll=41.81728362034952%2C-87.6414133&z=11,,,,Network
NOLA Community fridges,NOLA Community fridges,,New Orleans,LA,,United States,@nolacommunityfridges,,,,"Network
",,10,,,,,,,Network
freedge - Downtown Davis,freedge,,Davis,California,,United States,,,,,,,,,,,,,No,Freedge
freedge - 8th street - Davis,freedge,801 N Campus way,Davis,California,95616,United States,,,,,,,,,,,,,Yes,Freedge
freedge - The Garage Cafe - Davis,freedge,,Davis,California,,United States,,,,,,,,,,,,,No,Freedge
freedge - UCDavis Silo,freedge,420 Hutchison Drive,Davis,California,95616,United States,,,,,,,,,,,,,Yes,Freedge
freedge - DC,freedge,,Washington,DC,,United States,,,,,,,,,,,,,No,Freedge
freedge - The Solar freedge,freedge,2727 Martin Luter King Jr Way,Oakland,California,,United States,,,,,,,,,,,,,Yes,Freedge
FoCO freedge,freedge,225 Maple St,Fort Collins,Colorado,80521,United States,,,,,,,,,,,,,Yes,Freedge
The NYU freedge,freedge,6 MetroTech Center,New York,New York,11201,United States,,,,,,,"Rogers Hall, Room 118",,https://engineering.nyu.edu/research-innovation/makerspace,,,,Yes,Freedge
The (N)ice box - The Better Good,freedge,714 broadway ave,Saskatoon,Saskatchewan,SK S7M 0X4,Canada,,,,,,,,,https://www.facebook.com/freedomfooders/,,,,,Freedge
The (N)ice box - aka artist run,freedge,424 20 St W,Saskatoon,Saskatchewan,SK S7M 0X4,Canada,,,,,,,,,https://www.facebook.com/freedomfooders/,,,,,Freedge
UMN’s hi-tech freedge,freedge,,Minneapolis,Minnesota,,United States,freedge.org/locations/umn/,,,,,,,,freedge.org/locations/umn/,,,,Prototype,Freedge
The CSU freedge,freedge,521 West Lake Street,Fort Collins,Colorado,80521,United States,,,,,,,,,,,,,,Freedge
Geladeira solidária – Neva - Cascavel,freedge,"Rua Marechal Floriano, 1171",Cascavel,Paraná,,Brazil,,,,,,,,,,,,,Yes,Freedge
Geladeira solidária – Alto Alegre - Cascavel,freedge,"Rua Casemiro de Abreu, 1118",Cascavel,Paraná,,Brazil,,,,,,,,,,,,,Yes,Freedge
freedge - Araraquara,freedge,331 Rua Henrique Lupo,Araraquara,São Paulo,14802-304,Brazil,,,,,,,,,,,,,Yes,Freedge
"freedge - Valinhos, Brazil",freedge,Avenida Invernada 1713,Valinhos,São Paulo,13271-391,Brazil,,,,,,,,,,,,,,Freedge
FREEdge bratislava #1,freedge,,Bratislava,,,Slovakia,,,,,,,,,,,,,,Freedge
FREEdge bratislava #2,freedge,,Bratislava,,,Slovakia,,,,,,,,,,,,,,Freedge
Le freego de la prairie,freedge,55 rue de Paris,Bobigny,Ile-de-France,,France,,,,,,,,,,,,,No (Broken),Freedge
free.go - Cali,freedge,,Cali,,,Colombia,,,,,,,,,,,,,No,Freedge
free.go - Engenheiro Coelho,freedge,"
",Eng. Coelho,São Paulo,,Brazil,http://freedge.org/engcoelho/,,,,Front Yard,,Geladeira foi roubada,http://freedge.org/wp-content/uploads/2015/10/IMG_20150904_175835-768x1024.jpg,,,,,No ,Freedge
freedge - Cora,freedge,Rua Carlos Gomes 1999,Araraquara,São Paulo,14801--340,Brazil,https://freedge.org/locations/cora/,,,,,,,,,,,,Yes,Freedge
Chestnut freedge,freedge,1714 Haussler dr.,Davis,California,95616,United States,,,,,,,,,,,,,No,Freedge
Castlemont freedge,freedge,8601 MacArthur Blvd,Oakland,California,94605,United States,,,,,,,,,,,,,Yes,Freedge
freedge- MU,freedge,225 E Quad Avenue,Davis,California,95616,United States,,,,,,3/13/2020,,,,,,,Yes,Freedge
little freedom pantry,freedge,949 6th St,Clarkston,Washington,99403,United States,,,,,,,,,,,,,,Freedge
Coop freedge,freedge,620 G St,Davis,California,95616,United States,,,,,,,,,,,,,Yes,Freedge
Whittier freedge,freedge,"2013 Whittier Dr
",Davis,California,95618,United States,,,,,,,,,,,,,Yes,Freedge
People's fridge - Brixton,People's fridge - Brixton,49 Brixton Station Rd,London,,SW9 8PQ,UK,https://www.peoplesfridge.com/,,,,,,,,,,,,,Freedge
The community fridge - Frome,The community fridge - Frome,Justice Ln,Frome,,BA11 1BE,UK,http://edventurefrome.org/enterprises-initiatives/fridge/,,,,,,,,,,,,,Freedge
"Trust Links- Growing Together Westcliff 
",Community fridge - Southend,47 Fairfax Drive,Westcliff-on-Sea,,SS0 9AG,UK,-,,,,,,,,,,http://www.echo-news.co.uk/news/14779248.TV_food_presenters_Jamie_and_Jimmy_help_launch_new_community_scheme/?ref=mr&lp=17,,,Freedge
"Trinity Family Centre
",Community fridge - Southend,"Trinity Methodist Church, Argyll Road",Westcliff-on-Sea,,SS0 7HL,UK,,,,,,,,,,,,,,Freedge
Southend YMCA,Community fridge - Southend,"Newlands, 85 Ambleside Drive ",Southend-on-Sea,,SS1 2FY,UK,,,,,,,,,,,,,,Freedge
Storehouse,Community fridge - Southend,"Storehouse Community Centre, Coleman Street",Southend-on-Sea,,SS2 5AW,UK,,,,,,,,,,,,,,Freedge
Corvia's freego,Corvia's freego,Lambermontlaan 444,Schaarbeek,,1030,Belgium,http://www.vzw-asbl-corvia.be/419634765,,,,,,,,http://www.vzw-asbl-corvia.be/,,https://www.facebook.com/Open-Free-GO-Ouvert-Corvia-vzwasbl-508122299572647/,,,Freedge
Frigo Solidaire,Frigo Solidaire,46 Rue Ramey,Paris,Ile-de-France,75018,France,,,,,,,,,,,https://positivr.fr/frigo-solidaire-paris/,,,Freedge
Le frigo des ratons,Le frigo des ratons,5860 3e Avenue,Montreal,Québec,QC H1Y 2X1,Canada,https://www.facebook.com/groups/1580064318975893/,,,,,,more info about other freedges in the fb group,,https://www.facebook.com/pg/frigodesratonsderosemont/community/?ref=page_internal,,http://www.cbc.ca/news/canada/montreal/rosemont-community-fridge-frigo-des-ratons-1.3518821,,No,Freedge
Le comun frigo,Le comun frigo,170 Rue Saint-Antoine N,Granby,Québec,J2G 5G7,Canada,,,,,,,,,,,http://www.lapresse.ca/la-voix-de-lest/hebdo-le-plus/201706/13/01-5107118-granby-et-waterloo-le-commun-frigo-et-le-vege-go-accessibles.php,,,Freedge
Végé-go,Végé-go,107 Rue Lewis O,Waterloo,Québec,J0E 2N0,Canada,https://www.facebook.com/CABAUX4VENTS/,,,,,,,,,,http://www.lapresse.ca/la-voix-de-lest/hebdo-le-plus/201706/13/01-5107118-granby-et-waterloo-le-commun-frigo-et-le-vege-go-accessibles.php,,,Freedge
Frigos partagés Européade,Frigos partagés Européade,,Namur,Wallonia,,Belgium,,,,,,,Un autre frigo a été bloqué a Namur: http://www.dhnet.be/regions/namur-luxembourg/namur-le-frigo-solidaire-bloque-par-l-afsca-595d1663cd706e263ea1c8a3#.WWGxYSyPwFk.facebook,,,,http://www.lavenir.net/cnt/dmf20160713_00853540/l-europeade-lance-les-frigos-partages,,,Freedge
Le Réfrigénéreux,Le Réfrigénéreux,"1347, rue de la Sapinière",Val-David,Québec,J0T 2N0,Canada,https://www.facebook.com/frigocollectif/,,,,,,,,,,,,,Freedge
Le frigo des Buissons D'Anjou,Le frigo des Buissons D'Anjou,6956 avenue Des Ormeaux,Anjou,Québec,H1K 2X6,Canada,https://www.facebook.com/groups/601376186703899/,,,,,,,,,,,,,Freedge
Le frigo des Écureuils Gourmands,Le frigo des Écureuils Gourmands,,Rosemont,Québec,,Canada,https://www.facebook.com/groups/278784212456710/,,,,,,situé dans la ruelle entre la 1e et la 2e avenue a la hauteur de Dandurand,,,,,,,Freedge
Le fridge d'Hochelag,Le fridge d'Hochelag,1487 Rue Aylwin,Montréal,Québec,H1W 3B6,Canada,,,,,,,,,,,https://www.ssvp-mtl.org/fr/nouvelles/fridge-hochelag-halte-chaleur-sos-itinerance,,,Freedge
Rexdale Community Fridge,Road to Zero Waste,229 Rexdale Boulevard,Etobicoke,Ontario,M9W 1P7,Canada,https://www.facebook.com/roadtozerowaste,,,,,,Located on the right side of Ali Baba Restaurant,,roadtozerowaste.org,,,,,Freedge
West Mississauga Community Fridge,Road to Zero Waste,40 Dundas Street,West Mississauga,Ontario,L5B 1H4,Canada,https://www.facebook.com/roadtozerowaste,,,,,,,,roadtozerowaste.org,,,,,Freedge
Dan's Smokehouse Community fridge,Dan's Smokehouse Community fridge,2521 Harwell Lake Rd,Weatherford,Texas,76088,United States,http://www.internetjerky.com/,,,,Storefront,"Apr 11, 2017",Open 24h @ Dan's Smokehouse,https://bloximages.chicago2.vip.townnews.com/weatherforddemocrat.com/content/tncms/assets/v3/editorial/8/47/8474b63c-31ea-11e7-9f8d-9b70ac94f323/590d0ad325571.image.jpg?resize=1200%2C900,http://www.weatherforddemocrat.com/news/smokehouse-gives-back-with-community-fridge/article_7826fbe2-31ea-11e7-bbde-27c79d5f02dc.html,,https://www.nbcdfw.com/news/local/Weatherford-smokehouse-opens-its-fridge-to-help-feed-the-community-423468304.html,Dan Hamilton,,Freedge
Geladeria Solidária - Sorocaba,Geladeria Solidária - Sorocaba,"Rua Professor Toledo, 1195",Sorocaba,São Paulo,18035-110,Brazil,https://www.facebook.com/pages/Geladeira-Solid%C3%A1ria/243079032853486?ref=br_rs,,,,Front Yard,"Mar 14, 2016",,http://img.jornalcruzeiro.com.br/img/2016/03/10/media/198557_1.jpg,https://www.facebook.com/groups/Geladeirasolidaria/?fref=nf,,http://g1.globo.com/sao-paulo/sorocaba-jundiai/noticia/2016/03/empresario-coloca-geladeira-na-rua-para-servir-comida-gratis-em-sorocaba.html,Edson Ribeiro,,Freedge
Geladeria Solidária - Centro - Cascavel,Geladeria Solidária Cascavel,"R. Vicente Machado, 900 - Country",Cascavel,Paraná,85813-250,Brazil,https://www.facebook.com/geladeirasolidariacvel/,,,,Masonry Lodge,"Nov 1, 2017",,https://www.cbncascavel.com.br/wp-content/uploads/2017/11/WhatsApp-Image-2017-11-01-at-16.02.18.jpeg,https://www.facebook.com/ednan.dallepiagge/posts/1472285366218542?notif_id=1509641238049553&notif_t=like_tagged,,http://catve.com/noticia/6/198500/geladeira-solidaria-e-inaugurada-em-cascavel,Salazar Barreiros Júnior,,Freedge
Geladeira Solidaria - Neva - Cascavel,Geladeria Solidária Cascavel,"Rua Marechal Floriano, 1171 - Neva",Cascavel,Paraná,85802-200,Brazil,freedge.org/cascavel,,,,Church / Religious Charity,"Oct 29, 2016",,http://freedge.org/wp-content/uploads/2016/11/20161110_110241-e1479294866909-576x1024.jpg,http://catve.com/noticia/6/165630/geladeira-solidaria-e-ponto-para-coleta-de-doacoes-de-alimentos,,http://cgn.uol.com.br/noticia/199151/geladeira-solidaria-e-instalada-no-bairro-neva,Marlon Eder de Souza,,Freedge
Geladeira Solidaria - Alto Alegre - Cascavel,Geladeria Solidária Cascavel,"Rua Casemiro de Abreu, 1118 - Alto Alegre",Cascavel,Paraná,85805-250,Brazil,freedge.org/cascavel,,,,Front Yard,"Sep 28, 2017",,http://cgn.uol.com.br/upload/noticias/1241002017092710.jpg,http://cgn.uol.com.br/noticia/251796/alto-alegre-passa-a-ter-geladeira-solidaria,,https://www.cbncascavel.com.br/mais-uma-geladeira-solidaria-entra-em-funcionamento-em-cascavel/#.Wc1Aa-gDMy4.facebook,Marlon Eder de Souza,,Freedge
Geladeira Solidária - Goiânia,Geladeira Solidária - Goiânia,"Rua 7, 358, Setor Central",Goiânia,Goiás,74023-020,Brazil,https://www.facebook.com/GeladeiraSolidaria/,,,,StoreFront,"Sep 25, 2015",,https://awebic.com/wp-content/uploads/2015/10/geladeira-5.jpg,https://awebic.com/democracia/adeus-ao-desperdicio-empresario-de-goiania-cria-geladeira-solidaria/,,http://soumaiseu.uol.com.br/noticias/jornal/criei-a-geladeira-solidaria-para-alimentar-quem-precisa.phtml#.V1WGk_krLIU,Fernando Barcelos,,Freedge
Geladeira Social - Serra,Geladeira Social - Serra,,Serra,Espírito Santo,,Brazil,https://www.facebook.com/Geladeira-solidaria-1849962225254467/,,,,,,,,,,,,,Freedge
Geladeira Solidária - Pet's Cão - Campo Grande,Geladeira Solidária Campo Grande,"R. Quinze de Novembro, 2494 - Jardim dos Estados",Campo Grande,Mato Grosso do Sul,79020-300,Brazil,https://www.petscao.com.br/,,,,Storefront,"Sep 5, 2017",Instalada pela Paróquia Nossa Senhora da Abadia,http://www.primeiranoticia.ufms.br/upload/images/Rute%20Cerneiro.jpg,http://www.zdknews.com.br/noticias/941/Geladeira-Solidaria-tem-comida-pronta-e-de-graca-.html,,http://www.primeiranoticia.ufms.br/cidades/primeira-geladeira-solidaria-e-inaugurada-em-campo-grande/1029/,Clínica veterinária Pet's Cão,,Freedge
Geladeira Solidária - Xitão Motos - Campo Grande ,Geladeira Solidária Campo Grande,"Av. Pres. Ernesto Geisel, 3749 - Amambai",Campo Grande,Mato Grosso do Sul,79005-470,Brazil,http://www.xitaomotos.com.br/endereco/,,,,Storefront,"Oct 22, 2017",Instalada pela Paróquia Nossa Senhora da Abadia,http://www.topmidianews.com.br/upload/dn_noticia/2017/10/mg-2815.jpg,http://www.correiodoestado.com.br/cidades/campo-grande/projeto-geladeira-solidaria-supera-expectativa-de-colaboradores/314656/,,http://www.topmidianews.com.br/cidades/para-matar-a-fome-de-quem-precisa-igreja-inaugura-mais-uma-geladeira/78355/,Xitão Motos,,Freedge
Nova Londrina,Nova Londrina,,Nova Londrina,Paraná,,Brazil,https://www.facebook.com/secretariamunicipaldeassistenciasocialnl/?hc_ref=ARTL04p-S-ObiyQtf_WPKgW9x5epTJa5IlQb8j4QPLwTnqtqxF9Az_ugFQcsKX7MQHs&fref=nf,,,,,,,,,,,,,Freedge
São Carlos,São Carlos,"Rua Jesuíno de Arruda, 2664",São Carlos,São Paulo,13560-642,Brazil,,,,,,,,,http://www.saocarlosemrede.com.br/educacao/sao-carlos-inaugura-sua-primeira-geladeira-solidaria,,"https://www.acidadeon.com/saocarlos/cotidiano/cidades/NOT,1,1,1274650,Geladeira+Solidaria+e+opcao+para+quem+quer+doar+ou+receber+alimentos.aspx",,,Freedge
Geladeira Solidária - Valinhos,Geladeira Solidária - Valinhos,"Rua João Previtale, 1834 - Jardim Alto da Colina",Valinhos,São Paulo,13272-400,Brazil,https://www.rs21.com.br/noticias/geladeira-solidaria-seculo-news-28092017/,,,,Church / Religious Charity,"Sep 18, 2017",,https://i1.wp.com/valinhense.com.br/wp-content/uploads/2017/09/21848948_1878735922142196_1835542417_n.jpg?resize=333%2C420,http://www.signis.org.br/noticias/geral-1/21-09-2017/acao-social-geladeira-solidaria-e-realizada-pela-associacao-do-senhor-jesus,,http://valinhense.com.br/nova-geladeira-solidaria-em-valinhos-e-iniciativa-da-associacao-do-senhor-jesus-e-rede-seculo-21/,Associação do Senhor Jesus - RS21,,Freedge
Geladeira Solidária - Assis,Geladeira Solidária - Assis,"Rua Drº Souza Costa, nº 203, Vila Glória",Assis,São Paulo,19807-010,Brazil,https://www.facebook.com/groups/233639653706563/,,,,Front yard,"Jan 15, 2017",Aberta das 8h às 20h,https://2.bp.blogspot.com/-4vlnTtvjfB4/WJcKJlWLGEI/AAAAAAAAe3w/I3ghc9SRp9INy0rRjtp9eVFhGoqmeafJwCLcB/s1600/geladeira1.jpg,https://www.abordagemnoticias.com/noticia/1335/solidariedade-casal-lanca-geladeira-solidaria-,,http://somjah.blogspot.com.br/2017/02/moradora-coloca-geladeira-da-solidaria.html,Lu e Márcio Furlan,,Freedge
Geladeira Solidária - Belo jardim,Geladeira Solidária - Belo jardim,"Av. Cel. João Leite, 59 - Bom Conselho",Belo Jardim,Pernambuco, 55153-005,Brazil,https://www.facebook.com/FarmaciaCotrim/,,,,Storefront,"Mar 11, 2017",,https://2.bp.blogspot.com/-xySd3hyvqUw/WMV1fZ_txII/AAAAAAAAgcU/JBSjuOLRl1MviHlOkxnTb337d0OikWpXgCLcB/s640/geladeira_solidaria.jpg,https://bjemfoco.com.br/primeira-geladeira-solidaria-do-nordeste-sera-instalada-em-belo-jardim-neste-sabado-11/,,http://www.pernambuconoticias1.com/2017/03/geladeira-solidaria-disponibiliza.html,Farmácia Cotrim (César Cotrim),,Freedge
Geladeira Solidária - Rondonópolis,Geladeira Solidária - Rondonópolis,"Av. Amazonas, 1094 - Centro",Rondonópolis,Mato Grosso,78700-050,Brazil,"Fone: [66] 3423-1259, Bijuteria e Papelaria Rondonópolis",,,,Storefront,"Jan 8, 2017",,http://www.atribunamt.com.br/wp-content/uploads/2017/02/sebastiao-buquigare-geladeira-solidaria2-17-02-17.jpg,https://socialclub.com.br/fotos/geladeira-solidaria-na-regiao-central-de-rondonopolis-ajuda/,,http://www.primeirahora.com.br/noticia/191689/empresario-cria-geladeira-solidaria-para-ajudar-pessoas-,Sebastião Buquigaré,,Freedge
Geladeira Solidária - Divinópolis,Geladeira Solidária - Divinópolis,"Rua Goiás, 965, Centro",Divinópolis,Minas Gerais,35500-001,Brazil,https://www.facebook.com/geladeirasolidariadiv/,,,,Storefront,"Nov 20, 2015",,https://g37.com.br/imagens/48797/imagens_20112015914291.jpg,https://g37.com.br/c/ultimas-noticias/amigos-se-unem-para-implantar-em-divinopolis-a-geladeira-solidaria,,http://g1.globo.com/mg/centro-oeste/noticia/2015/11/geladeira-solidaria-oferece-alimentos-gratuitos-moradores-de-divinopolis.html?utm_source=facebook&utm_medium=social&utm_campaign=g1,Marcelo Duarte,,Freedge
Geladeira Solidária - Santa Barbara d'Oeste,Geladeira Solidária - Santa Barbara d'Oeste,"R. Joaquim de Oliveira, 536 - Vila Macnight",Santa Bárbara D'Oeste - SP,São Paulo,13450-038,Brazil,https://www.facebook.com/geladeirasolidariasbo/,,,,Storefront,"Jul 7, 2017",,http://portalatualidade.com.br/images/noticias/1412/1412_12072017195052.jpg,https://www.facebook.com/portaleucurtocerquilho/videos/1599874883391111/,,http://www.regiaohoje.com.br/noticia/3975/,"Luciane Rotava Erculiani
",,Freedge
Geladeira Solidária - Jacarezinho - Vila Ribeiro,Geladeira Solidária Jacarezinho,"Rua Haroldo Bianchi, 304 - Vila Ribeiro",Jacarezinho,Paraná,86400-000,Brazil,https://www.facebook.com/projetosocialmateus25emeuirmao/,,,,Storefront,"Aug 7, 2017",situada em frente ao Brechó da Lelinha Lira,https://scontent.fsnc1-1.fna.fbcdn.net/v/t1.0-9/20664408_1458727090884543_7013242173472523331_n.jpg?oh=6fff0b7cd7ff94e3b0a30e2a69c6b336&oe=5A89154F,https://www.facebook.com/nelsonpereira.cardozo/posts/1114947731975432,,https://www.portaljnn.com/single-post/2017/10/05/Geladeira-solid%C3%A1ria-ajuda-pessoas-carentes-em-Jacarezinho,Nelson Pereira Cardozo / Lelinha Lira - Projeto Social Mateus 25,,Freedge
Geladeira Solidária - Jacarezinho - Centro,Geladeira Solidária Jacarezinho,"R. Santos Dumont, 281",Jacarezinho,Paraná,86400-000,Brazil,https://www.facebook.com/projetosocialmateus25emeuirmao/,,,,Storefront,"Aug 9, 2017","situada no Auto Posto Jacaré III, ao lado do estacionamento do Supermercado Super Center",https://scontent.fsnc1-1.fna.fbcdn.net/v/t1.0-9/20840866_1116272288509643_2969677019749052477_n.jpg?oh=3260dd68f553c053b977f39938a51d24&oe=5AD73775,https://www.facebook.com/groups/929770213701477/permalink/1652955728049585/,,https://www.folhaextra.com/moradores-mantem-alimentos-em-geladeira-solidaria-para-pessoas-necessitadas/,Nelson Pereira Cardozo / Jair Hochscheidt - Projeto Social Mateus 25,,Freedge
Geladeira Solidária - Jacarezinho - Bairro Aeroporto,Geladeira Solidária Jacarezinho,"Rua Osvaldo Alcantara, 1055 - Bairro Aeroporto",Jacarezinho,Paraná,86400-000,Brazil,https://www.facebook.com/projetosocialmateus25emeuirmao/,,,,Charity,"Sep 22, 2017",situada na associação de moradores do bairro aeroporto,https://scontent.fsnc1-1.fna.fbcdn.net/v/t1.0-9/22195239_1143754475761424_8442124075269645261_n.jpg?oh=97d9099db7002ba96b869e761683e523&oe=5A9C950A,https://www.facebook.com/nelsonpereira.cardozo/posts/1138168356320036,,http://www.noticiasourinhos.com.br/2017/09/projeto-social-ja-disponibiliza-tres.html,Nelson Pereira Cardozo ,,Freedge
Geladeira Solidária - Ponta Grossa,Geladeira Solidária - Ponta Grossa,"Rua do Rosário, 556 - Centro",Ponta Grossa,Paraná,84010-150,Brazil,https://www.facebook.com/scheillahandmade/,,,,Church / Religious Charity,"Sep 27, 2016",,https://www.jcorreiodopovo.com.br/uploads/images/2016/09/geladeira-solidaria-no-parana-serve-comida-para-pessoas-carentes-1474998243.jpg,http://apditzel.wixsite.com/geladeirasolidaria,,http://g1.globo.com/pr/campos-gerais-sul/noticia/2016/09/geladeira-solidaria-em-ponta-grossa-serve-comida-para-pessoas-carentes.html?utm_source=facebook,Ana Paula Ditzel - Organização Espírita Cristã Irmã Scheilla,,Freedge
Geladeira Solidária - Paranavaí - AGEPAZ,Geladeira Solidária Paranavaí,"Rua Pará, 1125 - Jardim São Cristóvão",Paranavaí,Paraná,87702-270,Brazil,https://www.facebook.com/Agepaz-Associa%C3%A7%C3%A3o-Agentes-da-Paz-1244675138976760/,,,,Charity,"Aug 24, 2016",,http://s02.video.glbimg.com/x720/5244793.jpg,http://www.folhadelondrina.com.br/cidades/solidariedade-contra-a-fome-955892.html,,https://www.diariodonoroeste.com.br/noticia/paranavai/local/82315-geladeira-solidaria-ajuda-dezenas-de-familias-de-paranavai-diariamente,Agepaz,,Freedge
Geladeira Solidária - Paranavaí - Centro Dia do Idoso,Geladeira Solidária Paranavaí,"Av Martin Luther King, 1355 - Jardim Farropilha",Paranavaí,Paraná,87708-130,Brazil,https://www.facebook.com/institutomauriciogehlen/,,,,Charity,"Feb 23, 2017",,http://paranavai.portaldacidade.com/img/noticias/g/instituto-mauricio-gehlen-inicia-projeto-geladeira-solidaria-g-23022017-082311.jpg,http://paranavai.portaldacidade.com/noticias/4072-instituto-mauricio-gehlen-inicia-projeto-geladeira-solidaria,,https://www.diariodonoroeste.com.br/noticia/paranavai/local/85298-instituto-mauricio-gehlen-inicia-o-projeto-geladeira-solidaria,IMG - Centro Dia do Idoso,,Freedge
Geladeira Solidária - Paranavaí - Sumaré,Geladeira Solidária Paranavaí,"R. Ângelo Bigoto, 1118 - Sumaré",Paranavaí,Paraná,87720-015,Brazil,https://www.facebook.com/institutomauriciogehlen/,,,,Church / Religious Charity,"Sep 27, 2017",,http://radioparanavai.com.br/web/wp-content/uploads/2017/09/geladeira-solidaria-ajuda-familias-carentes-no-sumare-m-26092017-162439-549x410.jpg,http://radioparanavai.com.br/web/geladeira-solidaria-chega-ao-sumare/,,https://www.diariodonoroeste.com.br/noticia/paranavai/local/90327-geladeira-solidaria-no-sumare,IMG / Paróquia Nossa Senhora de Fátima,,Freedge
Geladeira Solidária - Belém - Cidade Velha,Geladeira Solidária Belém," Av. 16 de Novembro, 712 - Cidade Velha",Belém,Pará,66913-430,Brazil,https://www.facebook.com/geladeirasolidariabelem/,,,,Church / Religious Charity,"Mar 29, 2017","Aberta aos domingos, quartas e sábados das 8 as 20h",https://scontent.fsnc1-1.fna.fbcdn.net/v/t1.0-9/17884225_1815019175486003_311163995972685114_n.jpg?oh=bc481e4f520c934d6ab6302da9f7229e&oe=5AA4F740,http://g1.globo.com/pa/para/jornal-liberal-2edicao/videos/v/geladeira-solidaria-oferece-alimentos-a-moradores-de-rua-em-belem/5762773/,,https://g1.globo.com/pa/para/noticia/iniciativa-solidaria-deixa-geladeira-cheia-para-moradores-de-rua.ghtml,Ana Laura Pantoja - Espaço Vida e Saude Cia Cidade Velha - Igreja Adventista do 7º Dia,,Freedge
Geladeira Solidária - Belém - Umarizal,Geladeira Solidária Belém,"R. Oliveira Belo, 515 – Umarizal",Belém,Pará,66050-380,Brazil,https://www.facebook.com/iasd.umarizal/,,,,Church / Religious Charity,"Aug 5, 2017",,http://files.adventistas.org/noticias/pt/2017/08/07141212/WhatsApp-Image-2017-08-07-at-14.09.09.jpeg,https://www.facebook.com/iasd.anpa/posts/1413107735443161,,http://noticias.adventistas.org/pt/noticia/projetos-sociais/geladeira-solidaria-mobiliza-comunidade-para-ajudar-pessoas-em-belem/,Igreja Adventista do Sétimo Dia Umarizal,,Freedge
Geladeira Solidária - Natal,Geladeira Solidária - Natal,,Natal,Rio Grande do Norte,,Brazil,https://www.facebook.com/photo.php?fbid=1128064327203592&set=a.521426457867385.126790.100000001071998&type=3&theater,,,,,,Instalação não confirmada,https://scontent-lax3-1.xx.fbcdn.net/v/t1.0-9/12508745_1128064327203592_5960359527832797753_n.jpg?oh=12b48350c454ed191169d587eee07ad2&oe=5A9111CE,http://www.brechando.com/2016/01/geladeira-solidaria-esta-chegando-em-natal/,,https://apartamento702.com.br/natal-vai-ganhar-geladeira-para-doacao-de-alimentos/,Brunno Miranda,,Freedge
Geladeira Solidária - Palmas,Geladeira Solidária - Palmas,"Q. 104 Sul Rua SE 1, 28 - Plano Diretor Sul",Palmas,Tocantins,77020-014,Brazil,https://www.facebook.com/tvtocantins,,,,Storefront,"Nov 13, 2015",,http://s2.glbimg.com/LUw88y1WFENTRPPA_3uZRHcydsA=/620x465/s.glbimg.com/jo/g1/f/original/2015/11/13/geladeira.jpg,https://www.jornaldotocantins.com.br/editorias/estado/geladeira-solid%C3%A1ria-%C3%A9-instalada-no-centro-da-capital-1.989342,,http://g1.globo.com/to/tocantins/noticia/2015/11/geladeira-solidaria-oferece-comida-de-graca-em-rua-de-palmas.html,Gleydson Ricardo,,Freedge
Geladeira Solidária - Santo André,Geladeira Solidária - Santo André,"Rua Vera Cruz, 370 - Vila Pires",Santo André,São Paulo,09121-420,Brazil,https://www.facebook.com/profile.php?id=100004317813623,,,,Church / Religious Charity,"Feb 18, 2017",,http://img.youtube.com/vi/0uHxUcbN1_M/0.jpg,https://www.facebook.com/naecalcaminhodaluz?hc_ref=ARTACDaE8WXZJqvuiQ2weJAEqQPjFnNBsZPULDLupBSldsdrWvIpTpIV6SgS2vWjwWo,,https://www.youtube.com/watch?v=0uHxUcbN1_M,"Ursula Mazzeo
",,Freedge
Geladeira Solidária - Piratininga,Geladeira Solidária - Piratininga,Rua Dr. José Lisboa Jr 117A ,Piratininga,São Paulo,17490-000,Brazil,https://www.facebook.com/OuroNutry/,,,,Storefront,"Jun 1, 2017",Aberta das 7:30 às 19:30h,https://scontent-lax3-1.xx.fbcdn.net/v/t1.0-9/18893396_1585447068134060_741847297266987102_n.jpg?oh=25ff1afd949470e83df3c610027c6ce1&oe=5A6A9DCF,https://www.facebook.com/fabio.antunes.1840/media_set?set=a.1585452481466852&type=3,,https://www.facebook.com/fabio.antunes.1840/posts/1585447088134058,Gisele Menezes & Fabio Antunes ,,Freedge
Rango Generoso - Porto Alegre,Rango Generoso - Porto Alegre,"Rua Tomaz Flores, 331 - Independência",Porto Alegre,Rio Grande do Sul,90035-201,Brazil,http://smileflame.com/,,,,Front Yard,"Dec 15, 2015",Primeiro Frigobar foi roubado em 2015,http://s2.glbimg.com/mCNF2R6C9GOmLPHhehgVnD2cEAA=/1200x630/filters:max_age(3600)/s02.video.glbimg.com/deo/vi/41/52/4825241,http://g1.globo.com/rs/rio-grande-do-sul/noticia/2016/02/geladeira-e-colocada-em-rua-e-recebe-alimentos-apos-frigobar-sumir-no-rs.html,,https://catracalivre.com.br/geral/gentileza-urbana/indicacao/geladeira-solidaria-oferece-comida-a-moradores-de-rua-em-porto-alegre/,Smile Flame,,Freedge
Geladeira Comunitária - Taubaté,Geladeira Comunitária - Taubaté,"R. Domingues Ribas, 345 - Vila Iapi",Taubaté,São Paulo,12060-270,Brazil,https://www.facebook.com/ojardimcultural/,,,,Storefront,"Aug 31, 2015",,http://diariogaucho.rbsdirect.com.br/imagesrc/17667542.jpg?w=400,http://diariogaucho.clicrbs.com.br/rs/dia-a-dia/noticia/2015/10/geladeiras-instaladas-na-rua-oferecem-comidas-e-bebidas-para-quem-quiser-4860533.html,,http://g1.globo.com/sp/vale-do-paraiba-regiao/noticia/2015/08/geladeira-na-rua-reune-alimentos-para-comunidade-em-taubate-sp.html,Deto França (O Jardim Cultural),,Freedge
Geladeira Solidaria - Joinville,Geladeira Solidaria - Joinville,"Rua Canoas, 543 - Jardim Iririú",Joinville,Santa Catarina,89227-322,Brazil,https://www.facebook.com/geladeirasolidariajoinville/,,,,Church / Religious Charity,"Apr 21, 2016",,https://scontent-lax3-2.xx.fbcdn.net/v/t1.0-9/14639593_1193604424033536_6417626928280055785_n.jpg?oh=94a185e0221ad9d004f418260a7039f7&oe=5AADAB26,https://ricmais.com.br/sc/programas/rictv-joinville/geladeira-solidaria-distribui-alimentos-a-quem-precisa-em-joinville,,https://ndonline.com.br/joinville/noticias/projeto-geladeira-solidaria-ja-funciona-em-joinville,Alexandre dos Santos,,Freedge
Generosa - Salvador,Generosa - Salvador,"Rua Santa Clara do Desterro, 85 - Nazaré",Salvador,Bahia,41280-300,Brazil,http://www.ibcmaids.org.br/,,,,Church / Religious Charity,"Nov 12, 2015",Partes roubadas em 30/11/2015,http://fw.atarde.uol.com.br/2015/11/geladeira-comunitaria-nazare_1587621.jpg,http://bahia.ba/salvador/peca-de-geladeira-solidaria-e-roubada-em-nazare/,,http://atarde.uol.com.br/bahia/salvador/noticias/1727627-primeira-geladeira-solidaria-do-nordeste-fica-em-salvador,IBCM / Euzaria / Zé Pimenta,,Freedge
Geladeira Coletiva - Foz do Iguaçu,Geladeira Coletiva - Foz do Iguaçu,"Av. Jorge Schimmelpfeng, 111 - Centro",Foz do Iguaçu,Paraná,85851-110,Brazil,Fone: [45] 2105-1401,,,,Public Charity,"Dec 12, 2015",Ato de Vandalismo em Fevereiro de 2016,http://www.gazetadopovo.com.br/ra/mega/Pub/GP/p4/2016/05/09/VidaCidadania/Imagens/Vivo/Geladeira2_SECOM_UNILA.jpg,http://g1.globo.com/pr/oeste-sudoeste/noticia/2016/02/apos-ato-de-vandalismo-geladeira-coletiva-de-foz-do-iguacu-e-reativada.html,,http://foz.portaldacidade.com/noticias/9483-populacao-carente-ganha-geladeira-coletiva-em-foz-do-iguacu,Secretaria Municipal de Assistência Social e alunos do curso de Saúde Coletiva da Universidade Federal de Integração Latino Americana (Unila),,Freedge
Geladeira Solidária - Carazinho,Geladeira Solidária - Carazinho,"Rua Alferes Rodrigo, 198 - Centro",Carazinho,Rio Grande do Sul,99500-000,Brazil,http://www.tamimi.com.br/web/?page_id=4012,,,,Storefront,"Jun 20, 2016",,https://i0.wp.com/portal21.com.br/wp-content/imagens-uploads/2016/06/geladeira.jpg?w=700,http://www.radiosimpatia.com.br/noticias/6173-carazinho-instalada-geladeira-solid%C3%A1ria-com-alimentos.html,,http://portal21.com.br/cidades/carazinho/geladeira-solidaria-busca-ajudar-familias-necessitadas-em-carazinho/,Adel Tamimi,,Freedge
Geladeira Solidária - Anápolis,Geladeira Solidária - Anápolis,"Av. Goiás, 1240 - St. Central",Anápolis,Goiás,75140-180,Brazil,"Centro Espirita Vicente de Paulo, Avenida Goiás",,,,Church / Religious Charity,"Aug 5, 2016",,http://teamoanapolis.portal6.com.br/wp-content/uploads/2017/08/Geladeira-2-2.jpg,https://www.facebook.com/equipeanapolisnoticias/posts/1831923943789371,,http://portal6.com.br/2017/08/04/professora-de-anapolis-instala-geladeira-na-calcada-para-alimentar-moradores-de-rua/,Carmencita Pereira,,Freedge
Geladeira Solidária - Frederico Westphalen - Semana Farroupilha,Geladeira Solidária - Frederico Westphalen - Semana Farroupilha,Praça da Matriz,Frederico Westphalen,Rio Grande do Sul,,Brazil,https://www.facebook.com/lionsclube.fredericowestphalen.3,,,,Event,"Sep 13, 2016",Disponível apenas durante Semana Farroupilha.,http://www2.comunitaria.com.br/wp-content/uploads/2016/09/8116_80051-840x420.jpg,http://www.folhadonoroeste.com.br/site//noticia/8938-lions-leo-clube-e-essencially-organizam-geladeira-solidaria,,http://www2.comunitaria.com.br/semana-farroupilha-contara-com-geladeira-solidaria/,Lions & Leo Clube / Clínica Essencially,No,Freedge
Geladeira Solidária - Crato ,Geladeira Solidária - Crato ,"Rua Coronel Antônio Luíz, 1303 - Pimenta",Crato,Ceará,63105-000,Brazil,https://www.facebook.com/cecilia.duse,,,,Front Yard,"Nov 27, 2015",,http://diariodonordeste.verdesmares.com.br/polopoly_fs/1.1448269.1449272448!/image/image.jpg_gen/derivatives/landscape_310/image.jpg,http://tribunadoceara.uol.com.br/noticias/cotidiano-2/casal-coloca-geladeira-em-calcada-no-crato-para-alimentar-pessoas-que-necessitem/,,http://diariodonordeste.verdesmares.com.br/suplementos/cariri-regional/geladeira-solidaria-faz-sucesso-no-crato-e-viraliza-na-internet-1.1448270,Cecília Rocha,,Freedge
Geladeira Solidária - Francisco Beltrão,Geladeira Solidária - Francisco Beltrão,Praça Eduardo Virmond Suplicy (Calçadão Central),Francisco Beltrão,Paraná,85601-620,Brazil,https://www.facebook.com/RoratactClubFranciscoBeltraoCentro/,,,,Square / Park,"Mar 25, 2017",Aberta das 6h às 19h,http://www.rbj.com.br/file/2017/03/IMG_7702-1024x768.jpg,http://www.rbj.com.br/geral/projeto-geladeira-solidaria-visa-o-compartilhamento-de-alimentos-1119.html,,http://www.rotary4510.org.br/clube-galeria/4956,Rotaract de Francisco Beltrão,,Freedge
Geladeira Solidária - Jales,Geladeira Solidária - Jales,"R. Vinte e Quatro, 3027 - Centro",Jales,São Paulo,15700-115,Brazil,Fone: [17] 3621-4982,,,,Storefront,"Sep 26, 2016",,http://www.jornaldejales.com.br/img/noticias/5603/147489513857e91d221bf55.JPG,https://avozdascidades.com.br/alunos-da-escola-municipal-prof-joao-arnaldo-abastecem-geladeira-solidaria/,,http://www.jornaldejales.com.br/noticia/geladeira-solidaria-um-jeito-diferente-de-fazer-o-bem,Aparecido de Lima Vieira - Pizzaria La Vieira,,Freedge
Geladeira Solidária - Guarapuava - Colégio Lobo,Geladeira Solidária Guarapuava,"Rua Saldanha Marinho, 1706 - Centro",Guarapuava,Paraná,85010-290,Brazil,Fone: [42] 3626-2626,,,,School,"Mar 29, 2016",,http://diopuava.org.br/galeriafotos/259/29032016145918_5.jpg_5.jpg_5.jpg,http://www.sonoticiaboa.com.br/2016/04/17/brasil-ganha-mais-duas-geladeiras-solidarias-matar-a-fome/,,http://diopuava.org.br/?id=1509,Tangriane Cella - Colégio Lobo,,Freedge
Geladeira Solidária - Guarapuava - Escola Lobo Kids,Geladeira Solidária Guarapuava,"Rua Doutor Laranjeiras, 947 - Centro",Guarapuava,Paraná,85015-290,Brazil,Fone: [42] 3626-2626,,,,School,"Mar 29, 2016",,http://diopuava.org.br/galeriafotos/259/29032016145918_9.jpg_9.jpg_9.jpg,http://www.sonoticiaboa.com.br/2016/04/17/brasil-ganha-mais-duas-geladeiras-solidarias-matar-a-fome/,,http://diopuava.org.br/?id=1509,Tangriane Cella - Colégio Lobo,,Freedge
Geladeira Solidária - Descalvado,Geladeira Solidária - Descalvado,"Av. Paulo Casati Filho, 83 - Bosque do Tamanduá",Descalvado,São Paulo,13690-000,Brazil,https://www.facebook.com/Rotary-Club-de-Descalvado-172555939488072/,,,,Storefront,"May 5, 2016",Geladeira localizada dentro da empresa Orgolabs,http://www.descalvadonews.com.br/noticias/2016/maio/22geladeira4.jpg,http://g1.globo.com/sp/sao-carlos-regiao/noticia/2016/06/geladeira-solidaria-ajuda-familias-com-doacoes-de-alimentos-em-descalvado.html,,http://www.camaradescalvado.sp.gov.br/mocao-congratula-rotary-club-descalvado-pela-implantacao-da-geladeira-solidaria/,"Rotary Club de Descalvado / Orgolabs (Hélio Martins Serra)
",,Freedge
Geladeira Solidária - Anastácio,Geladeira Solidária - Anastácio,"R. João Leite Ribeiro, 959",Anastácio,Mato Grosso do Sul,79210-000,Brazil,https://www.facebook.com/zduartepaulino,,,,Front Yard,"Oct 21, 2015",Aberta das 6h às 20h,https://cdn1.campograndenews.com.br/uploads/tmp/images/5165524/640x480-8e9a84627af889d72211599a4f057799.jpg,http://uniderp.br/unifolha/lernoticiafoto.aspx?id_noticia=8498,,https://www.campograndenews.com.br/lado-b/comportamento-23-08-2011-08/geladeira-abastecida-na-gentileza-da-frutas-de-graca-e-so-escolher-e-levar,Zenilda Duarte,,Freedge
Geladeira Solidária - Mossoró,Geladeira Solidária - Mossoró,"Praça Vigário Antônio Joaquim, 22 - Centro",Mossoró,Rio Grande do Norte,59600-520,Brazil,https://www.facebook.com/Geladeira-Solid%C3%A1ria-Mossor%C3%B3-509936665846482/,,,,Square / Park,"Dec 3, 2015",,https://scontent-lax3-1.xx.fbcdn.net/v/t1.0-9/12509634_1050369934984919_3534643782575552933_n.jpg?oh=dc083421232fe98a0dee418f314d590d&oe=5A9822E9,https://www.facebook.com/tucaviegas.viegas,,http://www.omossoroense.com.br/geladeira-solidaria-e-instalada-em-mossoro/,Tuca Viega,,Freedge
Geladeira Comunitária - Campinas - Taquaral,Geladeira Comunitária - Campinas - Taquaral,"Rua Padre Manoel Bernardes nº 1017, Parque Taquaral",Campinas,São Paulo,13087-320,Brazil,Fone: [19] 3241-0917,,,,Storefront,"Sep 27, 2017",,http://www.jornalaltotaquaral.com.br/imagens_noticias/CONSUMIDOR3.jpg,http://correio.rac.com.br/_conteudo/2017/09/campinas_e_rmc/493402-rua-do-taquaral-ganha-geladeira-comunitaria.html,,http://www.jornalaltotaquaral.com.br/noticia.php?cod=3900,ZIta Simone e amigos / Drogaria Tamavy,,Freedge
Geladeira Solidária - Ouro Preto,Geladeira Solidária - Ouro Preto,"Praça Prefeito Amadeu Barbosa, 83 - Barra",Ouro Preto,Minas Gerais,35400-000,Brazil,https://www.facebook.com/neyde.lima.98,,,,Storefront,"Jul 2, 2016",,https://scontent.faqa3-1.fna.fbcdn.net/v/t1.0-9/13532909_10201645347130953_5672528580478633910_n.jpg?oh=e9d96d95f3b00392a88576c2f8c8ca3f&oe=5AF58F94,https://www.facebook.com/photo.php?fbid=10201645347930973&set=a.10201592875899205.1073741936.1697336581&type=3&theater,,https://www.facebook.com/gleiserboronii/media_set?set=a.10201592875899205.1073741936.1697336581&type=1,Neyde Lima / Gleiser Boroni,,Freedge
Geladeira Solidária - Campo Mourão,Geladeira Solidária - Campo Mourão,"Av. Irmãos Pereira, 631",Campo Mourão,Paraná,87300-410,Brazil,https://www.facebook.com/Cumbucaitaliana/,,,,Storefront,"Dec 13, 2017","Aberta de segunda a sábado, das 9h às 22h30",https://www.tribunadointerior.com.br/fl/normal/41127-cumbuca-c.jpg?node_id=41127,https://www.facebook.com/TribunaDaMassaTibagi/videos/1533636993392236/?q=geladeira%20solid%C3%A1ria,,https://www.tribunadointerior.com.br/noticia/restaurante-instala-geladeira-solidaria-para-alimentar-os-mais-necessitados,Giancarlo Fernando Moraes Scattu / Restaurante Cumbuca Cozinha Italiana,,Freedge
Geladeira Solidária - Maringá,Geladeira Solidária - Maringá,"Cine Teatro Plaza - Praça Raposo Tavares - Av. Brasil, 3640        ",Maringá,Paraná,87013-000,Brazil,https://www.facebook.com/amigossolidariosdemaringa,,,,Square / Park,"Dec 22, 2017",,,http://adnews.com.br/social-media/ong-cria-geladeira-solidaria-em-maringa.html,,http://www.cbnmaringa.com.br/noticia/primeira-geladeira-solidaria-de-maringa-e-inaugurada,Amigos Solidários De Maringá,,Freedge
Geladeira Solidária - Itapuranga,Geladeira Solidária - Itapuranga,"Avenida Agoncilio da Silva Moreira, 341",Itapuranga,Goiás,76680-000,Brazil,https://www.facebook.com/PanelinhaGoianaItapuranga/,,,,Storefront,"Feb 16, 2017",,https://scontent.faqa3-1.fna.fbcdn.net/v/t1.0-9/16806985_1252825248161955_7708889889641242582_n.jpg?oh=8e0f2a9e1a4ed6e8b68479819a406a01&oe=5AF01A74,http://portalitapuranga.com.br/noticia/144/restaurante-cria-geladeira-solidaria-para-ajudar-pessoas-carentes.html,,https://www.facebook.com/itapurangaagora/posts/1267142146708481,Restaurante Panelinha Goiana,,Freedge
Geladeira Solidária - São Paulo - Vila Constancia,Geladeira Solidária - São Paulo - Vila Constancia,"Av. Yervant Kissajikian, 1566 - Vila Constancia",São Paulo,São Paulo,04657-001,Brazil,https://www.facebook.com/cachacatradicaodeminas/,,,,Storefront,"Jul 21, 2017",,https://scontent.faqa3-1.fna.fbcdn.net/v/t1.0-9/20156100_1476439302399994_6864782441961925644_n.jpg?oh=0c7b04b44e22aba265dae343c59a5b1a&oe=5AFDC5C0,https://www.facebook.com/postodumar/posts/317936562010327,,https://www.facebook.com/cachacatradicaodeminas/posts/1476439469066644,Auto Posto Dumar / Cachaça Tradição de Minas,,Freedge
Geladeira Solidária - Rio Claro,Geladeira Solidária - Rio Claro,,Rio Claro,São Paulo,,Brazil,,,,,,,,,,,https://g1.globo.com/sp/sao-carlos-regiao/noticia/vigilancia-sanitaria-de-rio-claro-mantem-proibicao-de-geladeira-comunitaria-e-diz-que-cumpre-lei-estadual.ghtml,https://g1.globo.com/sp/sao-carlos-regiao/noticia/vigilancia-sanitaria-de-rio-claro-mantem-proibicao-de-geladeira-comunitaria-e-diz-que-cumpre-lei-estadual.ghtml,No,Freedge
The Sharing fridge - Conway - AR,The Sharing fridge - Conway - AR,1018 Salem Rd,Conway,Arkansas,72034,United States,https://www.facebook.com/thesharingfridge/,,,,Church / Religious Charity,"Mar 2, 2017",,http://arumc.org/wp-content/uploads/2017/03/SharingFridge_8801-300x200.jpg,http://salemumcconway.org/missions/solidarity-fridge/,,http://arumc.org/2017/04/sharing-fridge-now-open/,Salem United Methodist Church,,Freedge
Newport Community fridge,Newport Community fridge,"192, Commercial Road Pillgwenlly",Newport,,NP202PP,UK,https://www.facebook.com/Newport-Community-Hub-343972266239778/?tn-str=k*F,,,,,,,,,,,,,Freedge
Geladeira Solidária - Cuiabá,Geladeira Solidária - Cuiabá,R. Jules Rimet - Rodoviaria Parque,Cuiabá,Mato Grosso,78048-610,Brazil,,,,,,,,,,,https://cuiabamt300.com.br/geladeira-solidaria-oferece-comida-de-graca-na-rodoviaria/,,,Freedge
Geladeira Solidaria - Nazaré,Geladeira Solidaria - Nazaré,Em frente ao Lojão - centro,Nazaré,Bahia,,Brazil,,,,,Storefront,8/20/2017,,,,,Whatsapp,Yolanda Moreira Morais - 75 98120 0606,,Freedge
Heladera Social - Tucumán,Heladera Social - Tucumán,,Tucumán,,,Argentina,,,,,,,https://www.facebook.com/heladerasocial/,,https://heladerasocial.wordpress.com/2016/03/21/85/,,https://www.lanacion.com.ar/comunidad/heladera-social-un-proyecto-que-ya-tiene-120-replicas-en-todo-el-pais-nid2011602,,,Freedge
Heladera Social - Buenos Aires,Heladera Social - Buenos Aires,Campos Salles & Arribeños,Buenos Aires,,,Argentina,,,,,,,https://www.facebook.com/heladerasocial/,,https://heladerasocial.wordpress.com/2016/03/21/85/,,https://www.lanacion.com.ar/comunidad/heladera-social-un-proyecto-que-ya-tiene-120-replicas-en-todo-el-pais-nid2011603,,,Freedge
Heladera Solidaria - Santa Fe,Heladera Solidaria - Santa Fe,Av. Aristóbulo del Valle 6090 ,Santa Fe,,,Argentina,,,,,,,,,,,https://conlagentenoticias.com/una-heladera-solidaria-de-santa-fe-reparte-mas-de-160-porciones-de-comida/,,,Freedge
Heladera Solidaria - Cabildo,Heladera Solidaria - Cabildo,Moldes 1166,Cabildo,Buenos Aires,,Argentina,,,,,,,,,https://www.facebook.com/Heladera-Solidaria-Argentina-119090022818400/,,,,,Freedge
Pappadavada,A Private Restaurant,"Kadavanthara Rd, Kaloor",Ernakulam,Kerala,682017,India,,,,,,,,,,,https://www.thehindu.com/features/metroplus/Food/Minu%E2%80%99s-fridge-filled-with-goodness/article14177978.ece,,,Freedge
Yishun Community Fridge,Free Food For All,Blk 162 Yishun Street 11,Yishun,,760162,Singapore,,,,,Near Darul Makmur Mosque,,,,https://freefood.org.sg/,,https://mustsharenews.com/yishun-community-fridge/,,,Freedge
Shared Refrigerator,Hema Xiansheng / One Foundation,"1809 Qixin Rd, Minhang",Shanghai,,201199,China,,,,,FreshHema Supermarket,"November 1, 2019",,,,,https://baijiahao.baidu.com/s?id=1649011373164962592&wfr=spider&for=pc&isFailFlag=1,,,Freedge
Love Refrigerator - Changning,Love Refrigerator - Changning,"218 Maotai Rd, Changning District",Shanghai,,,China,,,,,Convenience store,"December 24, 2016","Was banned but back to active on December 24, 2016",,,,https://web.shobserver.com/wx/detail.do?id=40649,,,Freedge
Love Refrigerator - Cangzhou,Love Refrigerator - Cangzhou,Ronggui N Ave,Foshan,Guangdong,,China,,,,,supermarket,,,,,,https://new.qq.com/omn/20180801/20180801A0F8PO.html,,,Freedge
Love Refrigerator - Jiangxi (Kangmeile),Love Refrigerator - Jiangxi (Kangmeile),"9 Chang Qing Bei Lu, Yushui Qu",Xinyu,Jiangxi,,China,,,,,Ice Cream Shop,,,,,,,,,Freedge
Love Refrigerator - Beijing,Love Refrigerator - Beijing,"Chaoyangmen Outer St, Guomao,",Beijing,,,China,,,,,Metro exit A,,,,,,http://www.9ht.com/xue/52870_1.html,,,Freedge
Love Refrigerator - ZhengZhou,Love Refrigerator - ZhengZhou,68 Dehua St,ZhengZhou,Henan,,China,,,,,suning,,,,,,https://baijiahao.baidu.com/s?id=1608736708448807907&wfr=spider&for=pc,,,Freedge
Love Refrigerator - ZhengZhou 2,Love Refrigerator - ZhengZhou 2,"26 Mianfang E Rd, Erqi District",Zhengzhou,Henan,,China,,,,,Suning,,,,,,https://baijiahao.baidu.com/s?id=1608736708448807907&wfr=spider&for=pc,,,Freedge
Love Refrigerator - ZhengZhou 3,Love Refrigerator - ZhengZhou 3,84-7 Nanyang Rd，Jinshui Qu,Zhengzhou,Henan,,China,,,,,suning,,,,,,https://baijiahao.baidu.com/s?id=1608736708448807907&wfr=spider&for=pc,,,Freedge
Love Refrigerator - ZhengZhou 4,Love Refrigerator - ZhengZhou 4,"Erqi District, Daxue Middle Rd, 金海大道126号金光大厦",Zhengzhou,Henan,,China,,,,,suning,,"There are more listed on the website, but I can't find the accurate address of them",,,,https://baijiahao.baidu.com/s?id=1608736708448807907&wfr=spider&for=pc,,,Freedge
Love Refrigerator - ZhengZhou 5,Love Refrigerator - ZhengZhou 5,郑州市惠济区开元路68号万达广场F3层,Zhengzhou,Henan,,China,,,,,Suning,,,,,,https://baijiahao.baidu.com/s?id=1608736708448807907&wfr=spider&for=pc,,,Freedge
Love Refrigerator - Chengdu,Love Refrigerator - Chengdu,"Linyin St, Xiaotianzhu, Wuhou District",Chengdu,Sichuan,,China,,,,,public square,,,,,,http://www.wenming.cn/syjj/dfcz/sc/201703/t20170327_4142019.shtml,,,Freedge
Love Refrigerator - Chengdu 2,Love Refrigerator - Chengdu 2,"Xiao Tian Zhu, Wuhou Qu, ",Chengdu,sichuan,,China,,,,,,,,,,,http://sc.people.com.cn/n2/2017/0326/c379471-29916010.html,,,Freedge
Great Linford,MK Community Fridge,2a St Leger Court,Great Linford,Milton Keynes,MK14 5HA,UK,,,,,,,,,,,http://www.mkcommunityfridge.org/great-linford.html,,,Freedge
Bowland College,,Bowland Ave E,Bailrigg,Lancaster,LA1 4YT,UK,,,,,university building,,,,,,Lancaster Univ: http://lusu.co.uk/articles/students-launch-innovative-community-fridge-project,,,Freedge
Botley Community Fridge,,West Way,Botley,Oxford,OX2 9JN,UK,,,,,church,,,,,,Botley: http://www.oxfordtimes.co.uk/news/15316576.Community_fridge_a___39_huge_success__39__and_could_move_into_West_Way_centre/,,,Freedge
Boscome Community Fridge,,32 Hawkwood Rd,Boscombe,Bournemouth,BH5 1BY,UK,,,,,Library,,,,,,https://www.facebook.com/boscombecommunityfridge/,,,Freedge
Albrighton Community Center,,Albrighton Rd,Dog Kennel Hill Estate,London,SE22 8AH,UK,,,,,community center,,,,,,https://www.standard.co.uk/news/london/food-waste-warriors-estate-where-residents-are-learning-to-bin-less-a3530366.html,,,Freedge
Nanma Maram (tree of goodness),,Kaloor - Kadavanthara Rd,Kaloor,,682017,India,,,,,Restaurant,,,,,,http://www.independent.co.uk/news/world/asia/restaurant-owner-installs-fridge-outside-to-feed-the-homeless-a6963861.html,,,Freedge
Vateshwar temple,Mumbai Community Fridges,Diwale-Narayanpur,Bhiwadi,Maharashtra,412301,India,,,,,,,,,,,,,,Freedge
Oshiwara Community Fridge,,New Link Road,Oshiwara,Maharashtra,,India,,,,,,,,,,,,,,Freedge
Ayyamittu Unn,,"4th Main Rd,",Chennai,,600090,India,,,,,,,,,,,https://www.thehindu.com/news/cities/chennai/good-response-to-community-fridge/article19559682.ece,,,Freedge
Le Fridge,,1700 Amherst,Montreal,,H2L 3L5,Canada,,,,,community center,,,,https://www.20minutes.fr/insolite/2061851-20170504-quebec-frigos-libre-service-lutter-contre-gaspillage-alimentaire,,https://globalnews.ca/news/2274323/le-fridge-offers-food-to-all-montreal-families-in-need/,,No,Freedge
Les Frigos Free Go,,112 Rue Wellington S,Sherbrooke,,QC J1H 5C7,Canada,,,,,,,,,https://www.facebook.com/FrigoFreeGo/,,,,,Freedge
Dysart Community Center's Community Fridge,,14414 N El Mirage Rd,El Mirage,Arizona,85335,United States,,,,,,,,,,,https://www.changex.org/us/communityfridge/el-mirage-az-usa,,,Freedge
Al Amin Community Fridge,,885 Main St. E,Milton,Ontario,L9T 5A7,Canada,,,,,inside grocery store,,,,,,https://www.insidehalton.com/news-story/9786849-new-milton-community-fridge-helps-people-in-need-while-reducing-waste/,,,Freedge
ICWEN Community Fridge,,840 E 87th Street,Chicago,Illinois,60619,United States,,,,,,,,,,,https://www.changex.org/us/communityfridge/840-e-87th-st-chicago-il-60619-usa,,,Freedge
Nahna Laba3ed,,"Al Daouk Mosque, Bliss street",Beirut,,,Lebanon,https://www.facebook.com/leen.kreidieh?hc_ref=ART6ScWlNPtCX4rEJxlIliTHE4YIxd9p2VeH8nWOvYcWeyX3u0-AkayIjcd8RL4-4QU&fref=nf,,,,,,"Because “Nahna Laba3ed”, whenever you have extra food at home, please head to this fridge infront of Al Daouk Mosque located at the end of Bliss street next to Taj Al Molouk and place them inside, for anyone who needs to take!",,https://www.facebook.com/leen.kreidieh/posts/10160666647865136?comment_id=10160668646695136&notif_id=1538521187772830&notif_t=comment_mention&ref=notif,,https://www.beirut.com/l/57045,,,Freedge
Swa Brad,,Azmi Street,Tripoli,,,Lebanon,https://www.facebook.com/sawa.mninjah?__tn__=%2CdC-R-R&eid=ARDuDF-FzqfEWcFx5Bp3ARgYOYCghGoAAnSklTsT3e0WesHbs1LPlZXoQ5ZwXZBPPaPaiu3T_adPred9&hc_ref=ARQ-J9274w_pdP8BpY9Fj0i7VfwBlfK83PUOGXXo37jYGSsEIwb98Kav81PbP2n4rVA&fref=nf,,,,,,"Draft project good
The first fridge at the assembly center located on azmi street - building building - ground floor.
The fridge is ready to receive meals and help.
Spread the good to prevail on all needy. Special thanks to the white hand owner.",,https://www.facebook.com/sawa.mninjah/posts/1972837666141878?comment_id=1973532346072410&notif_id=1541454008240416&notif_t=comment_mention,,,,,Freedge
La Fourmi,,,Tripoli,,,Lebanon,https://www.facebook.com/photo.php?fbid=10161271288550176&set=a.10151702918425176&type=3&theater,,,,,,,,https://www.facebook.com/photo.php?fbid=10161271288550176&set=a.10151702918425176&type=3&theater,,,,,Freedge
Goodness fridge ,,,Cairo,,,Egypt,https://www.facebook.com/GoodnessFridge,,,,,"Feb 22, 2018",,,https://www.facebook.com/GoodnessFridge,,https://www.youtube.com/watch?v=1i-De4_WJEA,,,Freedge
Charity Fridge,,,Hail,,,Saudi Arabia,,,,,outside house,,,,,,https://www.bbc.com/news/blogs-news-from-elsewhere-27296489,,,Freedge
The Fridge,The Fridge - Israel,,,,,Israel,https://www.facebook.com/thefridgeIL/,,,,,,,,,,,,,Freedge
Auckland’s Community Fridge,,,Auckland,,,New Zealand,,,,,,,,,,,https://lovefoodhatewaste.co.nz/everything-you-need-to-know-about-the-community-fridge/,,,Freedge
New Brighton's Community Fridge,,,Christchurch,,,New Zealand,,,,,,,,,,,https://lovefoodhatewaste.co.nz/new-brighton-community-fridge/,,,Freedge
Share Adelaide,,,Adelaide,,,Australia,http://www.shareadelaide.com/food,,,,,,,,,,,,,Freedge
ThaiHarvest-SOS,,,Bangkok,,,Thailand,,,,,,,,,,,https://forum.thaivisa.com/topic/1001225-up-and-coming-food-charity-installs-second-community-fridge-today-to-feed-bangkok%E2%80%99s-hungry/?tab=comments,,,Freedge
Sharing & Caring Food Program,,106 Gates Street,White River Junction,VT,5001,United States,https://www.facebook.com/wrjumc,,,,Church,"June 20, 2020",,,,,,,,Freedge
Fort Greene Community Fridge,,357 Myrtle Ave,Brooklyn,NY,11205,United States,"@fgcommunityfridge, FGCommunityFridge@gmail.com",,,,,,hosted by farmer in the Deli,,https://linktr.ee/fgcommunityfridge,,,,,Freedge
Westside Community Fridge,,300 Delaware Ave,Jersey City,NJ,07306,United States,@westsidecommunityfridge,,,,,,,,,,https://www.nj.com/hudson/2020/07/on-jersey-city-dead-end-street-the-food-and-free-and-the-reward-is-priceless.html,,,Freedge
Elephant Gallery Community Fridge,Nashville Community Fridge,1411 Buchanan St,Nashville,TN,37208,United States,@nashvillecommunityfridge,,,,,,in front of @elephantgallery,,,,,,,Freedge
Drkmttr Collective Community Fridge,Nashville Community Fridge,1111 Dickerson Pike,Nashville,TN,,United States,@nashvillecommunityfridge,,,,,,in front of @drkmttcollective,,,,,,,Freedge
Greenpoint Fridge,,17 Nassau Ave,Brooklyn,NY,11222,United States,@greenpointfridge,,,,,,@thelotradio,,,,,,,Freedge
UC Fridge,,109 15th Street,Union City,NJ,07087,United States,@ucfridge,,,,,,,,,,,,,Freedge
Playground Coffee Shop Community Fridge,,1114 Bedford Ave,Brooklyn,NY,11216,United States,,,,,,,found on soverign.earthfridge (posted Jul 13),,,,,,,Freedge
Bedstuy,,,,,,United States,@soverign.earthfridge,,,,,,found on soverign.earthfridge,,,,,,,Freedge
Astoria,,801 Astoria Boulevard,Astoria,NY,11102,United States,@astoriafridge,,,,storefront,,"found on soverign.earthfridge,8th st and astoria blvd",,,,,,,Freedge
Bronx,,1 bedford park blvd ,The Bronx,NY,10468,United States,,,,,,,found on soverign.earthfridge,,,,,,,Freedge
Playground Youth Community Fridge,,73 Washington ave,Brooklyn,NY,11205,United States,,,,,,,"In front of beautystrikeny, post from zenatbegum, ",,,,,,,Freedge
Crown Heights,,711 Franklin Ave,Brooklyn,NY,11238,United States,,,,,,,found on soverign.earthfridge,,possible hours 10-6,,,,,Freedge
Washington Heights,,4672 Broadway 10040,New York,NY,10040,United States,,,,,,,found on soverign.earthfridge,,,,,,,Freedge
Mid City Fridge,Los Angeles Community Fridges,5044 West 21st Street ,Los Angeles,CA,90016,United States,@lacommunityfridge,,,,,,LINK:https://www.google.com/maps/d/u/0/viewer?mid=183am_nJDfTzqfPrEW4hGg7U0ImsyDhH8&ll=33.94067049581016%2C-118.26463585&z=11,,,,,,,Freedge
Lil Mid City Fridge,Los Angeles Community Fridges,1412 S Redondo Blvd,Los Angeles,CA,90016,United States,@lilmidcityfridge,,,,,,host: little.amsterdam.coffee,,,,,,,Freedge
Highland Park Fridge,Los Angeles Community Fridges,5624 N Figueroa Street,Los Angeles,CA,90042,United States,@pair.o.dice.la,,,,,,host: @pair.o.dice.la,,,,,,,Freedge
Arlington Heights Fridge,Los Angeles Community Fridges,3804 W Pico Blvd,Los Angeles,CA,90019,United States,@yeajyalhalhj,,,,,,host: @yeajyalhalhj hours tues-sun 10am-7pm,,,,,,,Freedge
Exposition Park Fridge,Los Angeles Community Fridges,1436 W Jefferson Blvd,Los Angeles,CA,90007,United States,@lacommunityfridge,,,,,,,,,,,,,Freedge
Long Beach Fridge,Los Angeles Community Fridges,1029 East 4th Street ,Long Beach,CA,90802,United States,@lacommunityfridge,,,,located at: play nice,,,,,,,,,Freedge
South Central / De La Vida,Los Angeles Community Fridges,8609 S Broadway ,Los Angeles,CA,90003,United States,@fridgedelavida,,,,,,,,,,,,,Freedge
South Hill + W 28th St Fridge,Los Angeles Community Fridges,2817 S. Hill Street,Los Angeles,CA,90007,United States,@lacommunityfridge,,,,,,,,,,,,,Freedge
DaVillage Free Food Fridge,,129 E 7th Street ,Charlotte,NC,28202,United States,@davillage_popupshop,,,,approx location,,,,,,,,,Freedge
SF Community Fridge,,3130 24th Street,San Francisco,CA,94110,United States,@sfcommunityfridge,,,,storefront,,12-7pm,,,,,,,Freedge
Bushwick Community Fridge,IOHNYC,190 Knickerbocker Ave,Brooklyn,NY,11237,United States,,,,,,,,,,,,,,Freedge
Harlem Free Community Fridge,IOHNYC,352 W 116th Street ,New York,NY,10026,United States,@sadeinharlem,,,,,,@sadeinharlem,,@breadandlife,,,,,Freedge
Prospect Lefferts Gardens Community Fridge,IOHNYC,1110 Nostrand Ave,Brooklyn,NY,11225,United States,"@universecityNYC, @flatbushfriendlyfridge",,,,In Front of Bar,,PLG-Flatbrush (Prospect Leferts Garden),,,,,,,Freedge
Brownsville Community Fridge,IOHNYC,"234 Glenmore Ave, Brownsville",Brooklyn,NY,11207,United States,,,,,,,,,,,,,,Freedge
Bedstuy Community Fridge,IOHNYC,133 Van Buren Street,Brooklyn,NY,11221,United States,,,,,,,,,,,,,,Freedge
Crown Heights Community Fridge,IOHNYC,1144 Bergen Ave,Brooklyn,NY,11216,United States,@bergencommunityfridge,,,,,,,,,,,,,Freedge
Kingsbridge Community Fridge,IOHNYC,8 W Kingsbridge Rd,The Bronx,NY,10468,United States,,,,,,,,,,,,,,Freedge
The Barrio Fridge,IOHNYC,339 E 108th Streer,New York,NY,10029,United States,@thebarriofridge,,,,,,@thebarriofridge,,same spot diff address 339 E 108th Street 10029,,,,,Freedge
The Friendly Fridge BX,The Friendly Fridge,5977 Broadway,The Bronx,NY,10471,United States,"@thefriendlyfridge, @thefriendlyfridgebx",,,,,,@thefriendlyfridgebx,,@thelaststop242,@fridgezoom,,,,Freedge
The Rockaways Community Fridge,IOHNYC,69-62 Almeda Ave,Far Rockaway,NY,11692,United States,@rockawaymutualaid,,,,,,@rockawaymutualaid,,@the_almeda_club,,,,,Freedge
Abrons Art Center Fridge,les_communityfridge,466 Grand St,New York,NY,90008,United States,,,,,,,,,,,,,,Freedge
Leimert Park Fridge,,4331 Degnan Blvd,Los Angeles,CA,90008,United States,@leimertparkfridge,,,,located at: hotandcoolcafe,,@leimertparkfridge,,,,,,,Freedge
Athens Community Fridge,,256 W Clayton Street,Athens,GA,30601,United States,@athenscommunityfridge,,,,,,@athenscommunityfridge,,,,,,,Freedge
TPA Free Fridge Project,,1017 E Columbus Drive,Tampa,FL,33605,United States,@tpafreefridge,,,,,,@tpafreefridge,,,,,,,Freedge
Southside Community Fridge,,124 South 3rd Street,Brookyln,NY,11249,United States,@southsidecommunityfridge,,,,located at: Spectacle NYC (movie theater),,@southsidecommunityfridge,,,,,,,Freedge
Astoria Mini Fridge,,2317 24th Ave,Long Island City,NY,11102,United States,@astoria.minifridge,,,,located at Ditmars Deli & grocery,,@astoria.minifridge,,,,,,,Freedge
North Oakland Townfridge,Townfridge,Marshall St & 59th St,Oakland,CA,94608,United States,"@townfridge, townfridge@gmail.com",,,,,,On 59th street between Marshall and Freemont,,,,,,,Freedge
ProArts Townfridge,Townfridge,150 Frank H. Ogawa Plaza,Oakland,CA,94612,United States,"@townfridge, townfridge@gmail.com",,,,,,On plaza,,,,,,,Freedge
16th Street Townfridge,Townfridge,16th and West st,Oakland,CA,94612,United States,"@townfridge, townfridge@gmail.com",,,,,,On 16th street between West and Brush st,,,,,,,Freedge
Linden Townfridge,Townfridge,30th and Linden,Oakland,CA,94608,United States,"@townfridge, townfridge@gmail.com",,,,,,"On Linden st, between 30th ant 32nd streets",,,,,,,Freedge
14th and Peralta Townfridge,Townfridge,14th and Peralta,Oakland,CA,94607,United States,"@townfridge, townfridge@gmail.com",,,,,,,,,,,,,Freedge
Radically Fit Townfridge,Townfridge,fruitvale ave & e 15th street,Oakland,CA,,United States,"@townfridge, townfridge@gmail.com",,,,in front of gym,7/27/2020,front of radically fit gym,,,,,,,Freedge
Las Vegas Town Fridge,,no location yet,Las Vegas ,NV,,United States,@lvtownfridge,,,,,,"NLY, messaged",,,,,,,Freedge
Milwaukee Community Fridge,,1848 W Fond Du Lac Ave,Milwaukee,WI,53205,United States,@mkecommunityfridge,,,,storefront,,,,,,,,,Freedge
The Love Fridge Chicago,,21st and California,Chicago,IL,,United States,@thelovefridgechicago,,,,,7/25/2020,,,,,,,,Freedge
Ujima Fridge,,,,,,,@ujimafridge.atl,,,,,,no location yet,,,,,,,Freedge
The Peace Fridge Modesto,,,Modesto,CA,,United States,@thepeacefridge,,,,,,"modesto, in contact",,,,,,,Freedge
St. Pete Free Fridge,,2662 Central Avenue,St. Petersberg,FL,33712,United States,@stpetefreefridge,,,,,,,,,,,,,Freedge
Jackson Heights Community Fridge,,80-02 Northern Boulevard,Jackson Heights,NY,11372,United States,@jacksonheightscommunityfridge,,,,,,,,,,,,,Freedge
Portland Free Fridge,,2337 NE Simpson Court,Portland,CA,,United States,@pdx.freefridge,,,,,,,,,,,,,Freedge
Flora Fridge,,,,,,,@florafridge,,,,,,NLY,,,,,,,Freedge
East Davis Freedge,freedge,2013 Whittier drive,Davis,CA,95618,United States,@thefreedge,,,,House frontyard,July 2020,,,,,,,,Freedge
SF Free Food Fridge,,,,,,,"sffreefoodfridg, SFfreefridge@gmail.com",,,,,,"no longer showing on insta, may have changed to sfcommunityfridge?",,,,,,,Freedge
San Diego Community Fridge,,,,,,,@sdcommunityfridge,,,,,,"""sd_communityfridge"" possibly same but no posts",,,,,,,Freedge
The People's Fridge (Dallas),,4466 S Marsalis Ave,Dallas,TX,75216,United States,@thepeoplesfridge,,,,,,,,,,,,,Freedge
Co-Op Freedge,freedge,620 G Street,Davis,CA,95616,United States,@thefreedge,,,,,,,,,,,,,Freedge
Greenville Community Fridge,,57 Rose Ave,Jersey City,NJ,,United States,@greenvillecommunityfridge,,,,,,,,,,,,,Freedge
The People's Fridge (Philly),,511 52nd Street,Philidelphia,PA,,United States,@thefridgeon52nd,,,,,,,,,,,,,Freedge
Mama-Tee Fridge,,635 West Girard,Philidelphia,PA,,United States,@mamateefridge,,,,,,,,,,,,,Freedge
Forest Ave COMEunity Fridge,,2141 Forest Ave,Staten Island,NY,10303,United States,@forestavecomeunityfridge,,,,side of store,,,,,,,,,Freedge
Boyle Heights Community Fridge,,2633 East Cesar E Chavez Avenue,Los Angeles,CA,90033,United States,"not sure, found from post from @harocho28",,,,,,,,,,,,,Freedge
Pomona Community Fridge,,no location yet,Pomona,CA,,United States,@pomonacommunityfridge,,,,,,,,,,,,,Freedge
The Bushwick Community Fridge,,1643 Broadway ,Brooklyn,NY,11207,United States,@thebushwickfridge,,,,,7/13/2020,little skips east,,,,,,,Freedge
Nixta Fridge,ATX Free Fridge Project,2512 E 12th,Austin,TX,,United States,@atxfreefridge,,,,storefront,7/20/2020,in front of @nixtataqueria,,,,,,,Freedge
Swansea Community Fridge,,Cambrian Place,Swansea ,,SA1 1RH,UK,@swansea_community_fridge,,,,,,,,,,,,,Freedge
Fridge 1,NOLA Community fridges,1522 North Villere,New Orleans,LA,,United States,@nolacommunityfridges,,,,,,,,,,,,,Freedge
Fridge 2,NOLA Community fridges,1915 Third Street,New Orleans,LA,,United States,@nolacommunityfridges,,,,,,,,,,,,,Freedge
Fridge 3,NOLA Community fridges,2425 N Miro,New Orleans,LA,,United States,@nolacommunityfridges,,,,,,,,,,,,,Freedge
Fridge 4,NOLA Community fridges,3636 Washingon,New Orleans,LA,,United States,@nolacommunityfridges,,,,,,,,,,,,,Freedge
Fridge 5,NOLA Community fridges,3908 Joliet Street,New Orleans,LA,,United States,@nolacommunityfridges,,,,,,,,,,,,,Freedge
Fridge 6,NOLA Community fridges,5416 Claiborne Ave,New Orleans,LA,,United States,@nolacommunityfridges,,,,,,,,,,,,,Freedge
Fridge 7,NOLA Community fridges,8511 Hickory Street,New Orleans,LA,,United States,@nolacommunityfridges,,,,,,,,,,,,,Freedge
Compton Community Fridges,Los Angeles Community Fridges,2125 W Compton boulevard ,Compton,CA,90220,United States,"@pieceofmindcpt, @cptrising",,,,,,,,,,,,,Freedge
East Hollywood Fridge,Los Angeles Community Fridges,4621 Santa Monica Blvd,Los Angeles,CA,,United States,@lacommunityfridge,,,,,,,,,,,,,Freedge
Western x 55th Street Fridge,Los Angeles Community Fridges,,Los Angeles,CA,90062,United States,@lacommunityfridge,,,,,,,,,,,,,Freedge
Santa Cruz Community Fridge,,218 Highland Ave,Santa Cruz,CA,95060,United States,@sccommunityfridge,,,,,,,,,,,,,Freedge
Seattle Community Fridge,,620 S Main Street,Seattle,WA,98104,United States,@seattlecommunityfridge,,,,,,,,,,,,,Freedge
Houston  Community Fridges,,3810 N MacGregor Way,Houston,TX,77004,United States,@htxcommunityfridge,,,,,,,,,,,,,Freedge
Audelia Community Fridge,Audelia Community Fridge,,Langley Park,MD,,United States,lavadenzcamila@gmail.com,,,,Looking for a host,,,,,,,https://www.instagram.com/audeliacommunity/?hl=en,,Freedge
Community (FREE)DGE,Roots Collective,5505 NW Seventh Ave,Miami,FL,33127,United States,https://www.instagram.com/roots_collective/,,,,Colective Market,8/10/2020,,,https://www.rootscollectivemarket.org/,,https://www.miamiherald.com/miami-com/restaurants/article245028015.html,,,Freedge
Milton Community Fridge,Road to Zero Waste,885 Main St E,Milton,Ontario,L9T 5A7,Canada,https://www.facebook.com/roadtozerowaste,,,,,,Located inside Al Ameen Store,,roadtozerowaste.org,,,,,Freedge
Parkdale Community Fridge,Road to Zero Waste,2246 Bloor St W ,Toronto,Ontario,M6S 1N6,Canada,https://www.facebook.com/roadtozerowaste,,,,,,Located at the back of Ali Baba Restaurant,,roadtozerowaste.org,,,,,Freedge
Brampton Community Fridge,Road to Zero Waste,250 Centre St N,Brampton,Ontario,L6V 2R4,Canada,https://www.facebook.com/roadtozerowaste,,,,,,Located in the Sir John MacDonald School (currently closed),,roadtozerowaste.org,,,,,Freedge
Guelph Community Fridge,Road to Zero Waste,15 Willow Rd,Guelph,Ontario,N1H 1V7,Canada,https://www.facebook.com/roadtozerowaste,,,,,,Located inside the community building (Currently Closed),,roadtozerowaste.org,,,,,Freedge
COLLEGE ST Community Fridge,Community Fridge Toronto,1132 COLLEGE ST. W,Toronto,Ontario,M6H 1B6,Canada,https://www.instagram.com/cf___to/,,,,,,,,,,,,,Freedge
DUNDAS ST Community Fridge,Community Fridge Toronto,555 DUNDAS ST. E,Toronto,Ontario,M5A 2B7,Canada,https://www.instagram.com/cf___to/,,,,,,,,,,,,,Freedge
ADELAIDE ST Community Fridge,Community Fridge Toronto,782 ADELAIDE ST. W,Toronto,Ontario,M6J 1B4,Canada,https://www.instagram.com/cf___to/,,,,,,,,,,,,,Freedge
PAPE AVE Community Fridge,Community Fridge Toronto,348 PAPE AVE.,Toronto,Ontario,M4M 1Z2,Canada,https://www.instagram.com/cf___to/,,,,,,,,,,,,,Freedge
Pink House Blessing Box,Lowcountry Blessing Boxes,1522 Mulberry Street,Charleston,SC,,USA,https://www.instagram.com/chsblessingbox,,,,,,,,,,,,,Freedge
Destiny Communty Cafe Blessing Box,Lowcountry Blessing Boxes,5060 Dorchester Rd,North Charleston,SC,,USA,https://www.instagram.com/chsblessingbox,,,,,,,,,,,,,Freedge
Recycled Love Thrift Store Blessing Box,Lowcountry Blessing Boxes,1455 Remount Rd,North Charleston,SC,,USA,https://www.instagram.com/chsblessingbox,,,,,,,,,,,,,Freedge
Little Free Fridge,Little Free Fridge,2100 Irwin Street,Aliquippa,PA,15001,United States,https://www.facebook.com/search/top/?q=little%20free%20pantry%20-%20aliquippa%20hop%20lutheran&epa=SEARCH_BOX,,,,Church,,"In the Spring of 2019, we decided to expand upon our Little Free Pantry in the courtyard of House of Prayer Lutheran Church by adding a refrigerator to the porch that could be accessed by anyone, 24 hours per day - the same as our Little Free Pantry. Dr. Ken Cirka purchased a commercial grade double door refrigerator and donated it to us to use in helping the community access perishable food items.  For over a year now, due to his generosity and the generosity of donors of items, we have been able to provide our community in need with items ranging from milk, eggs, cheese, fresh produce, ready-to-eat foods and many other items that require refrigeration!",,ddrabeck@comcast.net,,,Denise Drabeck,,Freedge
Fort Greene Community Fridge,Fort Greene Community Fridge,357 Myrtle Ave,Brooklyn,NY,11205,United States,www.instagram.com/fgcommunityfridge,,,,,,"Community fridge located in Fort Greene, Brooklyn. Accessible 24/7 for anyone to take what they need and share what they can.",,fgcommunityfridge@gmail.com,,,,,Freedge
The Open Source Fridge,The Open Source Fridge,306 17th St.,Brooklyn,NY,11215,USA,www.opensourcegallery.org,,,,Gallery,,"Open Source Gallery has installed a mini-fridge outside the gallery for use by the community. Neighbors who are able are encouraged to bring labelled food in containers or prepackaged food for the fridge. Anyone is welcome to take food from the fridge!

Currently, the gallery is being used as an Upcycle Shop by local teens. All are welcome to bring bicycles or household items in need of repair, as well as ideas for diy projects, and teens at the shop will do their best to repair and/or complete them for no charge!",,contact@opensourcegallery.org,,,Monika Wuhrer,,Freedge
Forest Avenue COMEUnity Fridge,Forest Avenue COMEUnity Fridge,2142 Forest Avenue,Staten Island ,NY,10303,United States,https://www.facebook.com/forestavecomeunityfridge/,,,,,,"Forest Ave Come Unity fridge is a free community fridge for Staten Island’s North Shore community. This community faces extreme levels of food insecurity, food dessert, food waste and health disparities compared to the rest of Staten Island. Therefore, this mutual aid initiative works to provide fresh, healthy food that is otherwise inaccessible. The food is from the community, for the community and stands on the values of interdependence, community restoration and community empowerment.",,forestcomeunityfridge@gmail.com,,https://www.silive.com/news/2020/08/on-forest-ave-comeunity-fridge-rises-to-promote-love-and-community.html,Caileen Gonzalez,,Freedge
Philadelphia Community Fridge,Philadelphia Community Fridge,1229 S 6th Street,Philadelphia,PA,19145,USA,philadelphiacommunityfridge@gmail.com,,,,Private medical practice,8/17/2020,,,https://www.instagram.com/phlcommunityfridge/?hl=en,,https://whyy.org/articles/people-are-putting-stocked-fridges-on-philly-sidewalks/,,,Freedge
Calgary Community Fridge,Calgary Community Fridge,902 Centre St N,Calgary,Alberta,T2R1C7,Canada,calgarycommunityfridge@gmail.com,,,,Side of building,8/17/2020,"The zip code is T2R1C7 not the one we put in, it wouldn't let us add a Canadian postal code",https://www.instagram.com/calgarycommunityfridge/,,,https://www.cbc.ca/news/canada/calgary/calgary-community-fridge-1.5679763?fbclid=IwAR2aBgjL36Feo_h6Aikl-k630wgsemGED5IMvHLOvR0yYSX_O9C0ndoVj4w,,,Freedge
Fishguard and Goodwick Community Fridge,Fishguard and Goodwick Community Fridge,Clive Road,Fishguard,Pembrokeshire,65,Wales,foodsaverchamp@gmail.com,,,,a shed in a car park outside the Gateway Hub,1/1/2017,,,,,,,,Freedge
HashtagLunchbag Brooklyn Community Fridge,HashtagLunchbag Brooklyn Community Fridge,367 Columbia St.,Brooklyn,NY,11231,United States of America,Instagram: @hashtaglunchbagbk,,,,Restaurant,8/16/2020,"Our community fridge in Red Hook was designed to help battle food insecurity without any shame! Take what you need, leave what you can! ",,,,,,,Freedge
SYB Community Fridge ,SYB Community Fridge ,237 McClellan Street ,Bronx ,Ny,10456,Unites States ,Hector Gerardo ,,,,Storefront ,8/10/2020,Insta: @1freedom4all ,https://www.instagram.com/p/CD2XRKcg6A1/?igshid=1wz9u0vva2w8v,,,,,,Freedge
The Gowanus Fridge,The Gowanus Fridge,123 3rd St ,Brooklyn,NY,11231,United States,gowanusfridge@gmail.com @thegowanusfridge,,,,Nature Based Plant Nursery,7/26/2020,,,,,,,,Freedge
Baby Gowanus ,Baby Gowanus ,326 6th St,Brooklyn,New York,11215,United States,gowanusfridge@gmail.com @thegowanusfridge,,,,Postmark Cafe,7/22/2020,,,,,,,,Freedge
Fenix Community Fridge ,Fenix Community Fridge ,586 Seneca Ave ,Ridgewood,NY,11385,Unites States ,@fenixcommunityfridge,,,,Fenix XL Car & Limo Service Corp,8/15/2020,The Fenix Community Fridge is for all! ,,,,,,,Freedge
Ujamaa Solidarity Fridge ,Ujamaa Solidarity Fridge , 825 Columbus Ave,New York ,New York ,10025,United States ,Nia Franklyn +1 (917) 995-1163,,,,Residential ,8/31/2020,Ujamaa means Familyhood ,,,,,,,Freedge
Ujamaa Solidarity Fridge ,Ujamaa Solidarity Fridge , 825 Columbus Ave,New York ,New York ,10025,United States ,Nia Franklyn +1 (917) 995-1163,,,,Residential ,8/31/2020,Ujamaa means Familyhood ,,,,,,,Freedge
Marin Community Fridges,Marin Community Fridges,26 Medway Rd.,San Rafael,CA,94901,USA,marincommunityfridges@gmail.com,,,,Storefront,8/26/2020,,,instagram.com/marincommunityfridges,,,,,Freedge
Evergreen Free Fridge,Evergreen Free Fridge,562 Evergreen Ave,Brooklyn,NY,11221,US,@evergreenfreefridge on Instagram ,,,,PowrPlant storefront ,8/29/2020,,,,,,,,Freedge
Evergreen Free Fridge,Evergreen Free Fridge,562 Evergreen Ave,Brooklyn,NY,11221,US,@evergreenfreefridge on Instagram ,,,,PowrPlant storefront ,8/29/2020,,,,,,,,Freedge
Flatbush Friendly Fridge ,Flatbush Friendly Fridge ,1110 Nostrand Ave,Brooklyn ,NY,11226,USA,flatbushfriendlyfridge@gmail.com,,,,On the curb right outside the bar that donates the electricity  to host it ,6/1/2020,Feel free to reach me at batoolabbas91@gmail.com for any additional information or details I might have missed ,https://instagram.com/flatbushfriendlyfridge?igshid=hw3nphzlls2t,https://instagram.com/flatbushfriendlyfridge?igshid=hw3nphzlls2t,,https://www.thecut.com/2020/07/new-york-community-fridges.html,,,Freedge
Allerton allies fridge ,Allerton allies fridge ,2527 Boston road ,Bronx ,Ny,10467,US,Allertonallies@gmail.com,,,,Affinity auto shop ,9/10/2020,No raw meat or dairy ,,,,,,,Freedge
Allerton allies fridge ,Allerton allies fridge ,2527 Boston road ,Bronx ,Ny,10467,US,Allertonallies@gmail.com,,,,Affinity auto shop ,9/10/2020,No raw meat or dairy ,,,,,,,Freedge
Rockaway Beach Community Fridge,Rockaway Beach Community Fridge,166 Beach 92nd Street,Rockaway Beach,NY,11693,United States,Rockaway Mutual Aid ,,,,Residential ,9/12/2020,,https://www.instagram.com/p/CFFRgl-Hv1Q/?igshid=1e1vvm0md74ln,Instagram.com/rockawaymutualaid,,,,,Freedge
Almeda Community Fridge,Almeda Community Fridge,69-62 Almeda Avenue,Arverne,NY,11692,United States,Rockaway Mutual Aid,,,,Storefront,7/5/2020,(72nd Street and Almeda Ave),https://www.instagram.com/p/CEhsxIuntfL/?igshid=1tfkrcgc9rkad,Instagram.com/Rockawaymutualaid,,https://www.rockawave.com/articles/the-friendly-fridge/?fbclid=IwAR1Cg132MkrWCvjz4d-XBMtYGTnZjQZe_L2Cv0-w6OIBv-bHJbVSt_E-61w,,,Freedge
Kingston Community Fridge ,Kingston Community Fridge ,14 Van Buren St,Kingston,NY ,12401,USA,Kingstonfoodcoop@gmail.com,,,,Residential,9/12/2020,,http://instagram.com/kingstoncommunityfridge,,,,,,Freedge
Jamaica Community Fridge,Jamaica Community Fridge,107-58 Sutphin Blvd,Jamaica,New York ,11435,United States,"IG: @JamaicaCommunityFridge, Email JamaicaCommunityFridge@gmail.com, Twitter @FridgeJamaica",,,,Storefront,9/12/2020,,,,,,,,Freedge
Almeda Community Fridge,Almeda Community Fridge,69-62 Almeda Avenue,Arverne,NY,11692,United States,Rockaway Mutual Aid,,,,Storefront,7/5/2020,(72nd Street and Almeda Ave),https://www.instagram.com/p/CEhsxIuntfL/?igshid=1tfkrcgc9rkad,Instagram.com/Rockawaymutualaid,,https://www.rockawave.com/articles/the-friendly-fridge/?fbclid=IwAR1Cg132MkrWCvjz4d-XBMtYGTnZjQZe_L2Cv0-w6OIBv-bHJbVSt_E-61w,,,Freedge
Otay Mesa Community Refrigerator and Garden ,Otay Mesa Community Refrigerator and Garden ,3794 Gatty St,San Diego,CA,92154,United States,ccrews10@cox.net ,,,,residential ,9/13/2020,,,,,,,,Freedge
OKCFreedge,OKCFreedge,2605 N Walker Ave,Oklahoma City,Oklahoma ,73103,USA,,,,,Residential,,,,,,,,,Freedge
Lincoln Heights Community Fridge,Lincoln Heights Community Fridge,3110 N Broadway ,Los Angeles,CA,90031,USA,Wendy 323-810-5470,,,,Residential,44053,"The Lincoln Heights Community Fridge is one of the busiest fridges in LA. It is powered by HM157, a Victorian home, historical monument and art collective.",https://freeimage.host/i/25i75u,,,https://laist.com/2020/08/26/community_fridges_boyle_heights_lincoln_heights__compton_los_angeles_covid-19_controversy.php,,,Freedge
The Blue Fridge,The Blue Fridge,122 Clinton Avenue,Kingston ,NY,12401,USA,Joy MacVane (845) 331-7188,,,,Residential ,44093,,,,,http://www.dailyfreeman.com/tncms/asset/editorial/77ce36a0-f85d-11ea-97a6-6b6bc7ac6abc,,,Freedge
People's Fridge,People's Fridge,936 W. 18th St. ,Merced,CA,95340,USA,"Erin Meyer, 209 205 8102",,,,At a non-profit community garden,44101,Produce only ,https://www.instagram.com/p/CFsVDaTj5AK/,"https://www.instagram.com/peoplesfridgemerced/, https://www.facebook.com/PeoplesFridge/",,,,,Freedge
The Foscoe Food Tub,The Foscoe Food Tub,9392 NC Hwy 105-S,Banner Elk,NC,28604,United States,foscoefoodtub@gmail.com,,,,Front yard,44110,It's just a plastic tub so far. Hoping to get a grant/assistance to instal an actual fridge to provide fresh fruits/veggies/tupperwares of cooked meals. ,,,,NA,,,Freedge
The Inglewood Community Fridge,The Inglewood Community Fridge,8629 Crenshaw Blvd,Inglewood,CA,90305,USA,3109774982,,,,Commercial ,44114,"Located at the @crenshawdairymart 
Installed and maintained by @homiez.collective & @checkin.us",https://yemididit.com/woodfridge,,,,,,Freedge
People's Fridge,People's Fridge,936 W. 18th St. ,Merced,CA,95340,USA,Erin Meyer,,,,,44101,Produce only,,,,,,,Freedge
Detroit Community Fridge,Detroit Community Fridge,5410 W Vernor Hwy Detroit MI 48209,Detroit,Michigan,48209,USA,Emily emilyclaireeicher@gmail.com,,,,Community space courtyard ,44070,,,,,https://www.google.com/amp/s/detroit.eater.com/platform/amp/2020/9/15/21438240/detroit-community-fridge-mutual-aid-covid-19-food-insecurity-southwest-groceries,,,Freedge
"Little free pantry/ freedge- Batavia, NY ","Little free pantry/ freedge- Batavia, NY ",180 Washington ave,Batavia,NY,14020,United States,Jenn noon- 585-483-1238,,,,"Outside of Michael A. Kubiniec, D.D.S. Office ",44105,"The freedge is open and accessible to the community 24/7. Take what you need, leave what you can :) ",https://m.facebook.com/story.php?story_fbid=153437049808225&id=103391588146105,https://m.facebook.com/lfpbatavia,,Upcoming ,,,Freedge
Seattle Community Fridge ,Seattle Community Fridge ,Multiple Locations ,Seattle,WA,98133,United States,seattlecommunityfridge@gmail.com,,,,"Community garden, storefront, and residential. Because we have so many locations could we email the pics?",43983,We currently have five locations and are adding more! https://www.google.com/maps/d/u/0/viewer?mid=1yvavCfXWP546_SR677u9HK9mY1irWXJ6&ll=47.560157957239%2C-122.33485845&z=12,https://www.instagram.com/s/aGlnaGxpZ2h0OjE4MTU0NTU0MTI0MDY1MTcw?igshid=k148hlozmpux,https://www.google.com/maps/d/u/0/viewer?mid=1yvavCfXWP546_SR677u9HK9mY1irWXJ6&ll=47.560157957239%2C-122.33485845&z=12,,https://crosscut.com/culture/2020/09/new-seattle-pantries-fight-food-insecurity-one-fridge-time,,,Freedge
East Village Community Fridge,East Village Community Fridge,197 First Avenue,New York,NY,10003,USA,Diane Hatz/Change Food,,,,front of restaurant,44124,"open 24/7 - fridge, freezer and food pantry.  Take what you need; leave what you can.",https://evgrieve.com/2020/10/a-visit-to-east-village-community.html,bit.ly/EVNFunds for donations;  @eastvillageneighbors - Instagram  ,,https://evgrieve.com/2020/10/a-visit-to-east-village-community.html,,,Freedge
Colton Community Fridge,Colton Community Fridge,106 E L St ,Colton,California,92324,USA,Inland Empire Community Fridges,,,,church property,44119,,,IG and FB: @iecommunityfridges,,,,,Freedge
The ICT Community Fridge Project,The ICT Community Fridge Project,626 E Douglas Ave & 2505 E. 9th St,Wichita,Kansas,67214,USA,"@ictcommunityfridge (instagram), @TajahnaeS (twitter)",,,,"Storefront, boxing center ",44102,,,,,"https://www.kake.com/story/42519015/ict-community-fridge-project-hopes-to-help-cit 
https://www.newsbreak.com/kansas/wichita/news/2044039447957/ict-community-fridge-project-hopes-to-help-citys-food-insecurity-issues ys-food-insecurity-issues

",,,Freedge
Open Door Community Pantry at Frenchtown United Methodist Church,Open Door Community Pantry at Frenchtown United Methodist Church,16 Third Street,Frenchtown,NJ,08825,USA,Rev. Peter K. Mantell,,,,Church,44158,,,,,,,,Freedge
The Free Fridge (Lowcountry Blessing Box Project),The Free Fridge (Lowcountry Blessing Box Project),1551 Mulberry Street,Charleston,SC,29412,USA,Christian King,,,,Community Resource Center,43739,We have 170 Blessing Boxes (free pantries) but only one Free Fridge,,,,https://chsblessingbox.wixsite.com/home,,,Freedge
The People's Fridge - Food Not Bombs Burlington,The People's Fridge - Food Not Bombs Burlington,Buell Street and Hungerford Terrace,Burlington,Vermont,05401,United States,,,,,Residential,,,,,,,,,Freedge
FællesSkabet i København- Free fridge Copenhagen,FællesSkabet i København- Free fridge Copenhagen,"Stengade 50,  Nørrebro",Copenhagen,Capital region,2500,Denmark,faellesskabetkbh@gmail.com,,,,in front of a culture house,43840,The fridges and all the material used to build the structure are upcycled or donated. The project has had very little expenses in terms of money and everything is volunteer based. We have recieved a lot of help from the community sorrounding the fridge and the project has got a lot of attention by many organizations.,,https://www.facebook.com/FaellesskabetiKBH,,https://madbroen.dk/faellesskabetkbh/,,,Freedge
Food for Thought Community Pantry,Food for Thought Community Pantry,917 E Prospect Rd on Spring Creek Bike Trail,Fort Collins,CO,80525,USA,Deb Lindner 505-250-4057,,,,Residential on Bike Trail,44174,Small insulated food pantry on Spring Creek bike trail-food will be temperature stable. There are bags by the pantry for use. ,,,,,,,Freedge
Deep River Freedge,Deep River Freedge,171 Main Street,Deep River,Connecticut,06498,USA,Colin ,,,,"Outside, behind bookstore",44104,working on a specific webpage right now,,https://www.bennettsbookstore.com/,,"https://www.middletownpress.com/news/article/Bennett-s-Books-of-Deep-River-launches-15644115.php

https://ctexaminer.com/2020/09/30/bennetts-bookstore-stocks-community-fridge-for-families-in-need/

",,,Freedge
Murfreesboro Community Fridge,Murfreesboro Community Fridge,727 South Church Street,Murfreesboro,TN,37130,USA,Instagram @murfreesborocommunityfridge facebook.com/murfreesborocommunityfridge,,,,Storefront (Legacy Ink Design),44078,,https://preview.redd.it/frnxy6jdg1261.jpg?width=640&crop=smart&auto=webp&s=c45b6d07d777ada4b4a2d02e5e126517d1d39cf1,,,http://wkutalisman.com/community-fridges-combat-food-insecurity/    https://spreadthepositive.net/free-food-friday-this-friday-10-16-2020-murfreesboro-community-fridge/     ,,,Freedge
Tiny Free Farm Stand Fridge,Tiny Free Farm Stand Fridge,313 Naples Street,San Francisco,CA,94112,USA,info@thetiny.org,,,,Sidewalk residential,43651,"Sharing food, plants and books ",,https://tinyfreefarmstand.org,,,,,Freedge
Riverside Community Fridge,Riverside Community Fridge,2300 Bowers St,Wilmington,Delaware,19808,United States,Jessica.wescott@plantingtofeed.com,,,,Community Center ,44171,"We are the first community fridge in the state of Delaware! Our nonprofit has been providing quality foods to the community for years, with Covid we had to find new ways to meet the needs!",https://www.instagram.com/p/CIdlGNEFw8p/?igshid=p07yen2j30sk,www.PlantingtoFeed.org ,,"https://www.delawareonline.com/story/news/2020/12/09/community-fridge-wilmington-looks-address-food-insecurity/6493699002/

https://www.wdel.com/news/a-refrigerator-for-all-in-riverside/article_e517e6aa-3a59-11eb-9b34-63b4e728a76a.html

https://www.delawarepublic.org/post/community-fridge-open-riverside-neighborhood",,,Freedge
Riverside Community Fridge,Riverside Community Fridge,2300 Bowers St,Wilmington,Delaware,19808,United States,Jessica.wescott@plantingtofeed.com,,,,Community Center ,44171,"We are the first community fridge in the state of Delaware! Our nonprofit has been providing quality foods to the community for years, with Covid we had to find new ways to meet the needs!",https://www.instagram.com/p/CIdlGNEFw8p/?igshid=p07yen2j30sk,www.PlantingtoFeed.org ,,"https://www.delawareonline.com/story/news/2020/12/09/community-fridge-wilmington-looks-address-food-insecurity/6493699002/

https://www.wdel.com/news/a-refrigerator-for-all-in-riverside/article_e517e6aa-3a59-11eb-9b34-63b4e728a76a.html

https://www.delawarepublic.org/post/community-fridge-open-riverside-neighborhood",,,Freedge
The Roslindale Community Fridge,The Roslindale Community Fridge,1 Firth Rd ,Roslindale,MA,02131,United States,roslindalecommunityfridge@gmail.com,,,,In the parking lot of a bodega,44114,,https://www.instagram.com/roslindalecommunityfridge/,,,https://boston.eater.com/maps/community-fridges-boston,,,Freedge
Coast Community Fridge,Coast Community Fridge,5 Callendar Street,Cambridge,MA,02139,USA,cambridgecitygrowers@gmail.com; Instagram @cambridgecitygrowers,"Everything except alcohol. Raw meats must go in the freezer. Homemade food must be labeled with expiration date and ingredients. Bulk food that has been divided into containers must be labeled with brand, expiration date, and ingredients.",24/7,https://www.gofundme.com/f/cambridge-city-growers,Community center,12/11/2020,We are located at the Howard St side of the community center,,,,,,Yes,Freedge
Buffalo Community Fridge,Buffalo Community Fridge,257 East Ferry St,Buffalo,NY,14208,USA,@buffalocommunityfridge (instagram),"fresh produce, frozen foods, cooked meals labeled with dish name & cooking date, no raw meat or raw seafood, hygiene + any other items you think community members may use",24/7,Venmo @bflocommunityfridge,Storefront (in front of closed restaurant),October 2020,,https://scontent-lga3-2.xx.fbcdn.net/v/t1.0-9/121739417_101046258472989_2148997581907497875_n.png?_nc_cat=101&ccb=2&_nc_sid=09cbfe&_nc_ohc=XJOl4XmK0doAX9kEOr7&_nc_ht=scontent-lga3-2.xx&oh=505becd86b8020a966822935d42ba792&oe=6026A692,"buffalocommunityfridge@gmail.com, https://www.facebook.com/buffalocommunityfridge/",,"https://www.wgrz.com/article/news/local/buffalo-community-fridge-helps-bridge-food-gap/71-86ad4eca-9a53-46bf-9513-e4709d798b76, https://www.wkbw.com/news/local-news/buffalo-strong/buffalo-woman-starts-a-community-fridge-for-those-in-need, https://www.buffalorising.com/2020/11/buffalo-community-fridge/",Jessie Reardon,Yes,Freedge
Big Herk Fridge,Big Herk Fridge,167 Herkimer St,Buffalo,NY,14213,USA,https://www.instagram.com/bigherkfridge/,"We accept fresh produce, frozen foods, prepared foods clearly labeled with cooking dates, canned items, non-perishable foods like rice and pasta, bottled water and juice, baby food, bread and non-food items like toiletries, hygiene items and clothing. We do not accept raw meat or fresh seafood. ",24/7,,Residential,December 2020,"Take what you need, leave what you can. ",https://www.instagram.com/p/CJXVrDcBhFX/,,,,,Yes,Freedge
FunkyTownFridge,FunkyTownFridge,3144 Bryan Ave,Fort Worth ,Tx,76110,US,FunkyTownFridge.org ,we do not accept raw meat or cooked meat only canned tuna or chicken,24/7,Cash app $FunkyTownFridge Venmo: @FunkyTownFridge ,,9-26-2020,,,,https://www.funkytownfridge.org/locations,,,Yes,Freedge
FunkyTownFridge,FunkyTownFridge,2308 Vaughn Blvd,Fort Worth ,Tx,76105,US,FunkyTownFridge.org ,we do not accept raw meat or cooked meat only canned tuna or chicken,24/7,Cash app $FunkyTownFridge Venmo: @FunkyTownFridge ,,9-26-2020,,,,https://www.funkytownfridge.org/locations,,,Yes,Freedge
FunkyTownFridge,FunkyTownFridge,5705 Weslley av,Fort Worth ,Tx,76107,US,FunkyTownFridge.org ,we do not accept raw meat or cooked meat only canned tuna or chicken,24/7,Cash app $FunkyTownFridge Venmo: @FunkyTownFridge ,,9-26-2020,,,,https://www.funkytownfridge.org/locations,,,Yes,Freedge
Chelsea Community Fridge & Cupboard,Chelsea Community Fridge & Cupboard,55 West 15th Street,New York City,NY,10011,USA,https://www.instagram.com/thechelseafridge,"no raw meat or raw fish, no alcohol, prepared items are only allowed if they are labeled with prep date and contents. guidelines: linktr.ee/thechelseafridge",24/7,"venmo: @thechelseafridge, cashapp: $thechelseafridge, paypal: thechelseafridge@gmail.com",,11/6/2020,,,linktr.ee/thechelseafridge,,,Lea,Yes,Freedge
Fridgeport ,Fridgeport ,1469 Reservoir Ave,Bridgeport CT,Connecticut,06606,United States,farm@gogvi.org,"Accept: fresh produce, non-perishables, frozen foods",24/7,,In front of an urban community farm,March/April 2021,"Local non-profits are teaming up to install and facilitate a free food fridge in an area suffering from food apartheid. Volunteers from DSA will keep the fridge stocked and the urban farm will provide electricity, promotion and fresh veg. ",,"https://www.gogvi.org/, https://www.facebook.com/groups/3594940757300570",No. but we are hopping to add more locations to Fridgeport soon. ,,Catherine Lindsay,No,Freedge
The People's Fridge at Word Up,The People's Fridge at Word Up,2113 Amsterdam Avenue,New York,NY,10032,USA,IG: peoplesfridgewordup,,24/7,Venmo: @elise-stumpf,,9/1/2020,,,,,,,Yes,Freedge
Alberta,PDX Free Fridge,1626 NE Alberta St,Portland,OR,97211,United States,web: www.pdxfreefridge.com / email: pdxfridge@gmail.com / IG and Twitter: @pdxfreefridge,https://sites.google.com/view/pdx-free-fridge/community-guidelines,24/7,Venmo: @pdx-freefridge / CashApp: $pdxfreefridge,In front of YesYes Healing Garden,,"PDX Free Fridge is a community based and informed mutual aid effort to increase access to free food and vital supplies by creating a network of independent fridges and pantries in Portland, OR. Our mission is to redistribute existing resources by providing access to free food and supplies through community fridges and pantries. ",,,https://pdxfreefridge.carto.com/builder/bb0feb1c-e5ab-4189-a776-ce7a5c6f376f/embed,,,Yes,Freedge
Birmingham Free Store Community Fridge,Birmingham Free Store Community Fridge,2030 Bessemer Rd,Birmingham,Alabama,35208,United States of America,bhamfreestore.com,"Refrigerated or frozen foods. Please place nonperishable foods in the nearby free pantry, and bring other donations (clothes, hygiene items, etc) during our open hours (listed on our site)!",24/7,https://www.patreon.com/bhamfreestore venmo @bhamfreestore cashapp $bhamfreestore,Storefront,02/11/21,"The Birmingham Free Store is a store where everything is free! We have food available in our pantry and fridge outside 24/7, as well as clothing, books, and other household items inside during our open hours",https://scontent-atl3-2.cdninstagram.com/v/t51.2885-15/e35/148586386_256210449243056_8457392282385149738_n.jpg?_nc_ht=scontent-atl3-2.cdninstagram.com&_nc_cat=108&_nc_ohc=zMo594ZSEV0AX_dfweI&tp=1&oh=7233f3855d615e20dde0b47714773e43&oe=604F05E3,IG and FB @bhamfreestore,,,,Yes,Freedge
Worcester Free Fridge,Worcester Free Fridge,300 Southbridge St,Worcester,MA,01608,United State of America,@worcester_freefridge,,24/7,https://linktr.ee/worcesterfreefridge,,2/14/2021,,,https://linktr.ee/worcesterfreefridge,,,,Yes,Freedge
Lafayette Community Fridge ,Lafayette Community Fridge ,2905 E. Simcoe street ,Lafayette,Louisiana ,70501,United States ,Lafayettecommunityfridge@gmail.com,Anything except raw meat ,24 hours,https://gofund.me/5bcd18c2  / Venmo: lafayettecommunityfridge LACF,Storefront ,"January 13, 2021",Mutual aid effort which aims to combat food insecurity and reduce food waste ,,IG: @Lafayette_community_fridge,,https://www.theadvocate.com/acadiana/news/article_1b16e6da-2dcf-11eb-b2b4-e7179e1abd40.html,Sarah Guidry,Yes,Freedge
Frigo d'la pointe,Frigo d'la pointe,1900 Rue Le Ber,Montréal ,Québec ,H3K 2a4,Canada ,Gregoiredorval@gmail.com ,,24h/24h,,Public ,2018,Associé avec une épicerie ,,,https://maps.app.goo.gl/4k27Ep1gurig8BkdA,,Grégoire dorval,Yes,Freedge
Sweet Tooth Community Fridge,Sweet Tooth Community Fridge,1809 8th Street,Des Moines,Iowa,50314,United States,Email,,24/7,,Residential,,,,,https://goo.gl/maps/eeF8259Cv5jHtvU58,"https://www.kcci.com/article/des-moines-mother-runs-community-fridge-to-help-those-with-food-insecurities/34867980

https://www.eatgreaterdesmoines.org/news/eat-greater-des-moines-helping-provide-fridges-and-freezers-to-groups-stepping-up-to-feed-the-community/

https://www.desmoinesregister.com/story/news/2020/12/24/sweet-tooth-farm-des-moines-iowa-river-bend-monika-owczarski-is-confronting-food-insecurity/3826563001/",Monika Owczarski,Yes,Freedge